Workbook

Sheet train_raw
A1: PassengerId | B1: Survived | C1: Pclass | D1: Name | E1: Sex | F1: Age | G1: SibSp | H1: Parch | I1: Ticket | J1: Fare | K1: Cabin | L1: Embarked
A2: 1 | B2: 0 | C2: 3 | D2: Braund, Mr. Owen Harris | E2: male | F2: 22 | G2: 1 | H2: 0 | I2: A/5 21171 | J2: 7.25 | L2: S
A3: 2 | B3: 1 | C3: 1 | D3: Cumings, Mrs. John Bradley (Florence Briggs Thayer) | E3: female | F3: 38 | G3: 1 | H3: 0 | I3: PC 17599 | J3: 71.2833 | K3: C85 | L3: C
A4: 3 | B4: 1 | C4: 3 | D4: Heikkinen, Miss. Laina | E4: female | F4: 26 | G4: 0 | H4: 0 | I4: STON/O2. 3101282 | J4: 7.925 | L4: S
A5: 4 | B5: 1 | C5: 1 | D5: Futrelle, Mrs. Jacques Heath (Lily May Peel) | E5: female | F5: 35 | G5: 1 | H5: 0 | I5: 113803 | J5: 53.1 | K5: C123 | L5: S
A6: 5 | B6: 0 | C6: 3 | D6: Allen, Mr. William Henry | E6: male | F6: 35 | G6: 0 | H6: 0 | I6: 373450 | J6: 8.05 | L6: S
A7: 6 | B7: 0 | C7: 3 | D7: Moran, Mr. James | E7: male | F7: \N | G7: 0 | H7: 0 | I7: 330877 | J7: 8.4583 | L7: Q
A8: 7 | B8: 0 | C8: 1 | D8: McCarthy, Mr. Timothy J | E8: male | F8: 54 | G8: 0 | H8: 0 | I8: 17463 | J8: 51.8625 | K8: E46 | L8: S
A9: 8 | B9: 0 | C9: 3 | D9: Palsson, Master. Gosta Leonard | E9: male | F9: 2 | G9: 3 | H9: 1 | I9: 349909 | J9: 21.075 | L9: S
A10: 9 | B10: 1 | C10: 3 | D10: Johnson, Mrs. Oscar W (Elisabeth Vilhelmina Berg) | E10: female | F10: 27 | G10: 0 | H10: 2 | I10: 347742 | J10: 11.1333 | L10: S
A11: 10 | B11: 1 | C11: 2 | D11: Nasser, Mrs. Nicholas (Adele Achem) | E11: female | F11: 14 | G11: 1 | H11: 0 | I11: 237736 | J11: 30.0708 | L11: C
A12: 11 | B12: 1 | C12: 3 | D12: Sandstrom, Miss. Marguerite Rut | E12: female | F12: 4 | G12: 1 | H12: 1 | I12: PP 9549 | J12: 16.7 | K12: G6 | L12: S
A13: 12 | B13: 1 | C13: 1 | D13: Bonnell, Miss. Elizabeth | E13: female | F13: 58 | G13: 0 | H13: 0 | I13: 113783 | J13: 26.55 | K13: C103 | L13: S
A14: 13 | B14: 0 | C14: 3 | D14: Saundercock, Mr. William Henry | E14: male | F14: 20 | G14: 0 | H14: 0 | I14: A/5. 2151 | J14: 8.05 | L14: S
A15: 14 | B15: 0 | C15: 3 | D15: Andersson, Mr. Anders Johan | E15: male | F15: 39 | G15: 1 | H15: 5 | I15: 347082 | J15: 31.275 | L15: S
A16: 15 | B16: 0 | C16: 3 | D16: Vestrom, Miss. Hulda Amanda Adolfina | E16: female | F16: 14 | G16: 0 | H16: 0 | I16: 350406 | J16: 7.8542 | L16: S
A17: 16 | B17: 1 | C17: 2 | D17: Hewlett, Mrs. (Mary D Kingcome) | E17: female | F17: 55 | G17: 0 | H17: 0 | I17: 248706 | J17: 16 | L17: S
A18: 17 | B18: 0 | C18: 3 | D18: Rice, Master. Eugene | E18: male | F18: 2 | G18: 4 | H18: 1 | I18: 382652 | J18: 29.125 | L18: Q
A19: 18 | B19: 1 | C19: 2 | D19: Williams, Mr. Charles Eugene | E19: male | F19: \N | G19: 0 | H19: 0 | I19: 244373 | J19: 13 | L19: S
A20: 19 | B20: 0 | C20: 3 | D20: Vander Planke, Mrs. Julius (Emelia Maria Vandemoortele) | E20: female | F20: 31 | G20: 1 | H20: 0 | I20: 345763 | J20: 18 | L20: S
A21: 20 | B21: 1 | C21: 3 | D21: Masselmani, Mrs. Fatima | E21: female | F21: \N | G21: 0 | H21: 0 | I21: 2649 | J21: 7.225 | L21: C
A22: 21 | B22: 0 | C22: 2 | D22: Fynney, Mr. Joseph J | E22: male | F22: 35 | G22: 0 | H22: 0 | I22: 239865 | J22: 26 | L22: S
A23: 22 | B23: 1 | C23: 2 | D23: Beesley, Mr. Lawrence | E23: male | F23: 34 | G23: 0 | H23: 0 | I23: 248698 | J23: 13 | K23: D56 | L23: S
A24: 23 | B24: 1 | C24: 3 | D24: McGowan, Miss. Anna "Annie" | E24: female | F24: 15 | G24: 0 | H24: 0 | I24: 330923 | J24: 8.0292 | L24: Q
A25: 24 | B25: 1 | C25: 1 | D25: Sloper, Mr. William Thompson | E25: male | F25: 28 | G25: 0 | H25: 0 | I25: 113788 | J25: 35.5 | K25: A6 | L25: S
A26: 25 | B26: 0 | C26: 3 | D26: Palsson, Miss. Torborg Danira | E26: female | F26: 8 | G26: 3 | H26: 1 | I26: 349909 | J26: 21.075 | L26: S
A27: 26 | B27: 1 | C27: 3 | D27: Asplund, Mrs. Carl Oscar (Selma Augusta Emilia Johansson) | E27: female | F27: 38 | G27: 1 | H27: 5 | I27: 347077 | J27: 31.3875 | L27: S
A28: 27 | B28: 0 | C28: 3 | D28: Emir, Mr. Farred Chehab | E28: male | F28: \N | G28: 0 | H28: 0 | I28: 2631 | J28: 7.225 | L28: C
A29: 28 | B29: 0 | C29: 1 | D29: Fortune, Mr. Charles Alexander | E29: male | F29: 19 | G29: 3 | H29: 2 | I29: 19950 | J29: 263 | K29: C23 C25 C27 | L29: S
A30: 29 | B30: 1 | C30: 3 | D30: O'Dwyer, Miss. Ellen "Nellie" | E30: female | F30: \N | G30: 0 | H30: 0 | I30: 330959 | J30: 7.8792 | L30: Q
A31: 30 | B31: 0 | C31: 3 | D31: Todoroff, Mr. Lalio | E31: male | F31: \N | G31: 0 | H31: 0 | I31: 349216 | J31: 7.8958 | L31: S
A32: 31 | B32: 0 | C32: 1 | D32: Uruchurtu, Don. Manuel E | E32: male | F32: 40 | G32: 0 | H32: 0 | I32: PC 17601 | J32: 27.7208 | L32: C
A33: 32 | B33: 1 | C33: 1 | D33: Spencer, Mrs. William Augustus (Marie Eugenie) | E33: female | F33: \N | G33: 1 | H33: 0 | I33: PC 17569 | J33: 146.5208 | K33: B78 | L33: C
A34: 33 | B34: 1 | C34: 3 | D34: Glynn, Miss. Mary Agatha | E34: female | F34: \N | G34: 0 | H34: 0 | I34: 335677 | J34: 7.75 | L34: Q
A35: 34 | B35: 0 | C35: 2 | D35: Wheadon, Mr. Edward H | E35: male | F35: 66 | G35: 0 | H35: 0 | I35: C.A. 24579 | J35: 10.5 | L35: S
A36: 35 | B36: 0 | C36: 1 | D36: Meyer, Mr. Edgar Joseph | E36: male | F36: 28 | G36: 1 | H36: 0 | I36: PC 17604 | J36: 82.1708 | L36: C
A37: 36 | B37: 0 | C37: 1 | D37: Holverson, Mr. Alexander Oskar | E37: male | F37: 42 | G37: 1 | H37: 0 | I37: 113789 | J37: 52 | L37: S
A38: 37 | B38: 1 | C38: 3 | D38: Mamee, Mr. Hanna | E38: male | F38: \N | G38: 0 | H38: 0 | I38: 2677 | J38: 7.2292 | L38: C
A39: 38 | B39: 0 | C39: 3 | D39: Cann, Mr. Ernest Charles | E39: male | F39: 21 | G39: 0 | H39: 0 | I39: A./5. 2152 | J39: 8.05 | L39: S
A40: 39 | B40: 0 | C40: 3 | D40: Vander Planke, Miss. Augusta Maria | E40: female | F40: 18 | G40: 2 | H40: 0 | I40: 345764 | J40: 18 | L40: S
A41: 40 | B41: 1 | C41: 3 | D41: Nicola-Yarred, Miss. Jamila | E41: female | F41: 14 | G41: 1 | H41: 0 | I41: 2651 | J41: 11.2417 | L41: C
A42: 41 | B42: 0 | C42: 3 | D42: Ahlin, Mrs. Johan (Johanna Persdotter Larsson) | E42: female | F42: 40 | G42: 1 | H42: 0 | I42: 7546 | J42: 9.475 | L42: S
A43: 42 | B43: 0 | C43: 2 | D43: Turpin, Mrs. William John Robert (Dorothy Ann Wonnacott) | E43: female | F43: 27 | G43: 1 | H43: 0 | I43: 11668 | J43: 21 | L43: S
A44: 43 | B44: 0 | C44: 3 | D44: Kraeff, Mr. Theodor | E44: male | F44: \N | G44: 0 | H44: 0 | I44: 349253 | J44: 7.8958 | L44: C
A45: 44 | B45: 1 | C45: 2 | D45: Laroche, Miss. Simonne Marie Anne Andree | E45: female | F45: 3 | G45: 1 | H45: 2 | I45: SC/Paris 2123 | J45: 41.5792 | L45: C
A46: 45 | B46: 1 | C46: 3 | D46: Devaney, Miss. Margaret Delia | E46: female | F46: 19 | G46: 0 | H46: 0 | I46: 330958 | J46: 7.8792 | L46: Q
A47: 46 | B47: 0 | C47: 3 | D47: Rogers, Mr. William John | E47: male | F47: \N | G47: 0 | H47: 0 | I47: S.C./A.4. 23567 | J47: 8.05 | L47: S
A48: 47 | B48: 0 | C48: 3 | D48: Lennon, Mr. Denis | E48: male | F48: \N | G48: 1 | H48: 0 | I48: 370371 | J48: 15.5 | L48: Q
A49: 48 | B49: 1 | C49: 3 | D49: O'Driscoll, Miss. Bridget | E49: female | F49: \N | G49: 0 | H49: 0 | I49: 14311 | J49: 7.75 | L49: Q
A50: 49 | B50: 0 | C50: 3 | D50: Samaan, Mr. Youssef | E50: male | F50: \N | G50: 2 | H50: 0 | I50: 2662 | J50: 21.6792 | L50: C
A51: 50 | B51: 0 | C51: 3 | D51: Arnold-Franchi, Mrs. Josef (Josefine Franchi) | E51: female | F51: 18 | G51: 1 | H51: 0 | I51: 349237 | J51: 17.8 | L51: S
A52: 51 | B52: 0 | C52: 3 | D52: Panula, Master. Juha Niilo | E52: male | F52: 7 | G52: 4 | H52: 1 | I52: 3101295 | J52: 39.6875 | L52: S
A53: 52 | B53: 0 | C53: 3 | D53: Nosworthy, Mr. Richard Cater | E53: male | F53: 21 | G53: 0 | H53: 0 | I53: A/4. 39886 | J53: 7.8 | L53: S
A54: 53 | B54: 1 | C54: 1 | D54: Harper, Mrs. Henry Sleeper (Myna Haxtun) | E54: female | F54: 49 | G54: 1 | H54: 0 | I54: PC 17572 | J54: 76.7292 | K54: D33 | L54: C
A55: 54 | B55: 1 | C55: 2 | D55: Faunthorpe, Mrs. Lizzie (Elizabeth Anne Wilkinson) | E55: female | F55: 29 | G55: 1 | H55: 0 | I55: 2926 | J55: 26 | L55: S
A56: 55 | B56: 0 | C56: 1 | D56: Ostby, Mr. Engelhart Cornelius | E56: male | F56: 65 | G56: 0 | H56: 1 | I56: 113509 | J56: 61.9792 | K56: B30 | L56: C
A57: 56 | B57: 1 | C57: 1 | D57: Woolner, Mr. Hugh | E57: male | F57: \N | G57: 0 | H57: 0 | I57: 19947 | J57: 35.5 | K57: C52 | L57: S
A58: 57 | B58: 1 | C58: 2 | D58: Rugg, Miss. Emily | E58: female | F58: 21 | G58: 0 | H58: 0 | I58: C.A. 31026 | J58: 10.5 | L58: S
A59: 58 | B59: 0 | C59: 3 | D59: Novel, Mr. Mansouer | E59: male | F59: 28.5 | G59: 0 | H59: 0 | I59: 2697 | J59: 7.2292 | L59: C
A60: 59 | B60: 1 | C60: 2 | D60: West, Miss. Constance Mirium | E60: female | F60: 5 | G60: 1 | H60: 2 | I60: C.A. 34651 | J60: 27.75 | L60: S
A61: 60 | B61: 0 | C61: 3 | D61: Goodwin, Master. William Frederick | E61: male | F61: 11 | G61: 5 | H61: 2 | I61: CA 2144 | J61: 46.9 | L61: S
A62: 61 | B62: 0 | C62: 3 | D62: Sirayanian, Mr. Orsen | E62: male | F62: 22 | G62: 0 | H62: 0 | I62: 2669 | J62: 7.2292 | L62: C
A63: 62 | B63: 1 | C63: 1 | D63: Icard, Miss. Amelie | E63: female | F63: 38 | G63: 0 | H63: 0 | I63: 113572 | J63: 80 | K63: B28
A64: 63 | B64: 0 | C64: 1 | D64: Harris, Mr. Henry Birkhardt | E64: male | F64: 45 | G64: 1 | H64: 0 | I64: 36973 | J64: 83.475 | K64: C83 | L64: S
A65: 64 | B65: 0 | C65: 3 | D65: Skoog, Master. Harald | E65: male | F65: 4 | G65: 3 | H65: 2 | I65: 347088 | J65: 27.9 | L65: S
A66: 65 | B66: 0 | C66: 1 | D66: Stewart, Mr. Albert A | E66: male | F66: \N | G66: 0 | H66: 0 | I66: PC 17605 | J66: 27.7208 | L66: C
A67: 66 | B67: 1 | C67: 3 | D67: Moubarek, Master. Gerios | E67: male | F67: \N | G67: 1 | H67: 1 | I67: 2661 | J67: 15.2458 | L67: C
A68: 67 | B68: 1 | C68: 2 | D68: Nye, Mrs. (Elizabeth Ramell) | E68: female | F68: 29 | G68: 0 | H68: 0 | I68: C.A. 29395 | J68: 10.5 | K68: F33 | L68: S
A69: 68 | B69: 0 | C69: 3 | D69: Crease, Mr. Ernest James | E69: male | F69: 19 | G69: 0 | H69: 0 | I69: S.P. 3464 | J69: 8.1583 | L69: S
A70: 69 | B70: 1 | C70: 3 | D70: Andersson, Miss. Erna Alexandra | E70: female | F70: 17 | G70: 4 | H70: 2 | I70: 3101281 | J70: 7.925 | L70: S
A71: 70 | B71: 0 | C71: 3 | D71: Kink, Mr. Vincenz | E71: male | F71: 26 | G71: 2 | H71: 0 | I71: 315151 | J71: 8.6625 | L71: S
A72: 71 | B72: 0 | C72: 2 | D72: Jenkin, Mr. Stephen Curnow | E72: male | F72: 32 | G72: 0 | H72: 0 | I72: C.A. 33111 | J72: 10.5 | L72: S
A73: 72 | B73: 0 | C73: 3 | D73: Goodwin, Miss. Lillian Amy | E73: female | F73: 16 | G73: 5 | H73: 2 | I73: CA 2144 | J73: 46.9 | L73: S
A74: 73 | B74: 0 | C74: 2 | D74: Hood, Mr. Ambrose Jr | E74: male | F74: 21 | G74: 0 | H74: 0 | I74: S.O.C. 14879 | J74: 73.5 | L74: S
A75: 74 | B75: 0 | C75: 3 | D75: Chronopoulos, Mr. Apostolos | E75: male | F75: 26 | G75: 1 | H75: 0 | I75: 2680 | J75: 14.4542 | L75: C
A76: 75 | B76: 1 | C76: 3 | D76: Bing, Mr. Lee | E76: male | F76: 32 | G76: 0 | H76: 0 | I76: 1601 | J76: 56.4958 | L76: S
A77: 76 | B77: 0 | C77: 3 | D77: Moen, Mr. Sigurd Hansen | E77: male | F77: 25 | G77: 0 | H77: 0 | I77: 348123 | J77: 7.65 | K77: F G73 | L77: S
A78: 77 | B78: 0 | C78: 3 | D78: Staneff, Mr. Ivan | E78: male | F78: \N | G78: 0 | H78: 0 | I78: 349208 | J78: 7.8958 | L78: S
A79: 78 | B79: 0 | C79: 3 | D79: Moutal, Mr. Rahamin Haim | E79: male | F79: \N | G79: 0 | H79: 0 | I79: 374746 | J79: 8.05 | L79: S
A80: 79 | B80: 1 | C80: 2 | D80: Caldwell, Master. Alden Gates | E80: male | F80: 0.83 | G80: 0 | H80: 2 | I80: 248738 | J80: 29 | L80: S
A81: 80 | B81: 1 | C81: 3 | D81: Dowdell, Miss. Elizabeth | E81: female | F81: 30 | G81: 0 | H81: 0 | I81: 364516 | J81: 12.475 | L81: S
A82: 81 | B82: 0 | C82: 3 | D82: Waelens, Mr. Achille | E82: male | F82: 22 | G82: 0 | H82: 0 | I82: 345767 | J82: 9 | L82: S
A83: 82 | B83: 1 | C83: 3 | D83: Sheerlinck, Mr. Jan Baptist | E83: male | F83: 29 | G83: 0 | H83: 0 | I83: 345779 | J83: 9.5 | L83: S
A84: 83 | B84: 1 | C84: 3 | D84: McDermott, Miss. Brigdet Delia | E84: female | F84: \N | G84: 0 | H84: 0 | I84: 330932 | J84: 7.7875 | L84: Q
A85: 84 | B85: 0 | C85: 1 | D85: Carrau, Mr. Francisco M | E85: male | F85: 28 | G85: 0 | H85: 0 | I85: 113059 | J85: 47.1 | L85: S
A86: 85 | B86: 1 | C86: 2 | D86: Ilett, Miss. Bertha | E86: female | F86: 17 | G86: 0 | H86: 0 | I86: SO/C 14885 | J86: 10.5 | L86: S
A87: 86 | B87: 1 | C87: 3 | D87: Backstrom, Mrs. Karl Alfred (Maria Mathilda Gustafsson) | E87: female | F87: 33 | G87: 3 | H87: 0 | I87: 3101278 | J87: 15.85 | L87: S
A88: 87 | B88: 0 | C88: 3 | D88: Ford, Mr. William Neal | E88: male | F88: 16 | G88: 1 | H88: 3 | I88: W./C. 6608 | J88: 34.375 | L88: S
A89: 88 | B89: 0 | C89: 3 | D89: Slocovski, Mr. Selman Francis | E89: male | F89: \N | G89: 0 | H89: 0 | I89: SOTON/OQ 392086 | J89: 8.05 | L89: S
A90: 89 | B90: 1 | C90: 1 | D90: Fortune, Miss. Mabel Helen | E90: female | F90: 23 | G90: 3 | H90: 2 | I90: 19950 | J90: 263 | K90: C23 C25 C27 | L90: S
A91: 90 | B91: 0 | C91: 3 | D91: Celotti, Mr. Francesco | E91: male | F91: 24 | G91: 0 | H91: 0 | I91: 343275 | J91: 8.05 | L91: S
A92: 91 | B92: 0 | C92: 3 | D92: Christmann, Mr. Emil | E92: male | F92: 29 | G92: 0 | H92: 0 | I92: 343276 | J92: 8.05 | L92: S
A93: 92 | B93: 0 | C93: 3 | D93: Andreasson, Mr. Paul Edvin | E93: male | F93: 20 | G93: 0 | H93: 0 | I93: 347466 | J93: 7.8542 | L93: S
A94: 93 | B94: 0 | C94: 1 | D94: Chaffee, Mr. Herbert Fuller | E94: male | F94: 46 | G94: 1 | H94: 0 | I94: W.E.P. 5734 | J94: 61.175 | K94: E31 | L94: S
A95: 94 | B95: 0 | C95: 3 | D95: Dean, Mr. Bertram Frank | E95: male | F95: 26 | G95: 1 | H95: 2 | I95: C.A. 2315 | J95: 20.575 | L95: S
A96: 95 | B96: 0 | C96: 3 | D96: Coxon, Mr. Daniel | E96: male | F96: 59 | G96: 0 | H96: 0 | I96: 364500 | J96: 7.25 | L96: S
A97: 96 | B97: 0 | C97: 3 | D97: Shorney, Mr. Charles Joseph | E97: male | F97: \N | G97: 0 | H97: 0 | I97: 374910 | J97: 8.05 | L97: S
A98: 97 | B98: 0 | C98: 1 | D98: Goldschmidt, Mr. George B | E98: male | F98: 71 | G98: 0 | H98: 0 | I98: PC 17754 | J98: 34.6542 | K98: A5 | L98: C
A99: 98 | B99: 1 | C99: 1 | D99: Greenfield, Mr. William Bertram | E99: male | F99: 23 | G99: 0 | H99: 1 | I99: PC 17759 | J99: 63.3583 | K99: D10 D12 | L99: C
A100: 99 | B100: 1 | C100: 2 | D100: Doling, Mrs. John T (Ada Julia Bone) | E100: female | F100: 34 | G100: 0 | H100: 1 | I100: 231919 | J100: 23 | L100: S
...

Sheet Worksheet
A1: PassengerId | B1: Survived | C1: Pclass | D1: Last_Name | E1: First_Name | F1: Title | G1: Gender | H1: Age | I1: Age_Group | J1: SibSp | K1: Parch | L1: Family_Size | M1: Survival_Status | N1: Family_Category | O1: Ticket | P1: Fare | Q1: Fare Fraction | R1: Cabin | S1: Embarked | T1: Embark_Point
A2: 1 | B2: 0 | C2: 3 | D2: Braund | E2: Owen Harris | F2: Mr | G2: =_xlfn.XLOOKUP(F2,notes!$B$12:$B$18,notes!$C$12:$C$18,"Unknown") -> Male | H2: 22 | I2: =_xlfn.XLOOKUP(H2,notes!$B$4:$B$8,notes!$C$4:$C$8,"Invalid",-1) -> Adult | J2: 1 | K2: 0 | L2: =(J2+K2)+1 -> 2 | M2: =IF(B2=1,"Survived","Not Survived") -> Not Survived | N2: =_xlfn.XLOOKUP(L2,notes!$B$28:$B$30,notes!$C$28:$C$30,"Unknown",-1) -> Small Family | O2: A/5 21171 | P2: 7.25 | Q2: =IF(P2>=50,"High",IF(P2>=10,"Mid",IF(P2<10,"Low","invalid"))) -> Low | R2: Unknown | S2: S | T2: =IF(S2="Q","Queenstown",IF(S2="C","Cherbourg",IF(S2="S","Southampton","Unknown"))) -> Southampton
A3: 2 | B3: 1 | C3: 1 | D3: Cumings | E3: John Bradley (Florence Briggs Thayer) | F3: Mrs | G3: =_xlfn.XLOOKUP(F3,notes!$B$12:$B$18,notes!$C$12:$C$18,"Unknown") -> Female | H3: 38 | I3: =_xlfn.XLOOKUP(H3,notes!$B$4:$B$8,notes!$C$4:$C$8,"Invalid",-1) -> Adult | J3: 1 | K3: 0 | L3: =(J3+K3)+1 -> 2 | M3: =IF(B3=1,"Survived","Not Survived") -> Survived | N3: =_xlfn.XLOOKUP(L3,notes!$B$28:$B$30,notes!$C$28:$C$30,"Unknown",-1) -> Small Family | O3: PC 17599 | P3: 71.2833 | Q3: =IF(P3>=50,"High",IF(P3>=10,"Mid",IF(P3<10,"Low","invalid"))) -> High | R3: C85 | S3: C | T3: =IF(S3="Q","Queenstown",IF(S3="C","Cherbourg",IF(S3="S","Southampton","Unknown"))) -> Cherbourg
A4: 3 | B4: 1 | C4: 3 | D4: Heikkinen | E4: Laina | F4: Miss | G4: =_xlfn.XLOOKUP(F4,notes!$B$12:$B$18,notes!$C$12:$C$18,"Unknown") -> Female | H4: 26 | I4: =_xlfn.XLOOKUP(H4,notes!$B$4:$B$8,notes!$C$4:$C$8,"Invalid",-1) -> Adult | J4: 0 | K4: 0 | L4: =(J4+K4)+1 -> 1 | M4: =IF(B4=1,"Survived","Not Survived") -> Survived | N4: =_xlfn.XLOOKUP(L4,notes!$B$28:$B$30,notes!$C$28:$C$30,"Unknown",-1) -> Alone | O4: STON/O2. 3101282 | P4: 7.925 | Q4: =IF(P4>=50,"High",IF(P4>=10,"Mid",IF(P4<10,"Low","invalid"))) -> Low | R4: Unknown | S4: S | T4: =IF(S4="Q","Queenstown",IF(S4="C","Cherbourg",IF(S4="S","Southampton","Unknown"))) -> Southampton
A5: 4 | B5: 1 | C5: 1 | D5: Futrelle | E5: Jacques Heath (Lily May Peel) | F5: Mrs | G5: =_xlfn.XLOOKUP(F5,notes!$B$12:$B$18,notes!$C$12:$C$18,"Unknown") -> Female | H5: 35 | I5: =_xlfn.XLOOKUP(H5,notes!$B$4:$B$8,notes!$C$4:$C$8,"Invalid",-1) -> Adult | J5: 1 | K5: 0 | L5: =(J5+K5)+1 -> 2 | M5: =IF(B5=1,"Survived","Not Survived") -> Survived | N5: =_xlfn.XLOOKUP(L5,notes!$B$28:$B$30,notes!$C$28:$C$30,"Unknown",-1) -> Small Family | O5: 113803 | P5: 53.1 | Q5: =IF(P5>=50,"High",IF(P5>=10,"Mid",IF(P5<10,"Low","invalid"))) -> High | R5: C123 | S5: S | T5: =IF(S5="Q","Queenstown",IF(S5="C","Cherbourg",IF(S5="S","Southampton","Unknown"))) -> Southampton
A6: 5 | B6: 0 | C6: 3 | D6: Allen | E6: William Henry | F6: Mr | G6: =_xlfn.XLOOKUP(F6,notes!$B$12:$B$18,notes!$C$12:$C$18,"Unknown") -> Male | H6: 35 | I6: =_xlfn.XLOOKUP(H6,notes!$B$4:$B$8,notes!$C$4:$C$8,"Invalid",-1) -> Adult | J6: 0 | K6: 0 | L6: =(J6+K6)+1 -> 1 | M6: =IF(B6=1,"Survived","Not Survived") -> Not Survived | N6: =_xlfn.XLOOKUP(L6,notes!$B$28:$B$30,notes!$C$28:$C$30,"Unknown",-1) -> Alone | O6: 373450 | P6: 8.05 | Q6: =IF(P6>=50,"High",IF(P6>=10,"Mid",IF(P6<10,"Low","invalid"))) -> Low | R6: Unknown | S6: S | T6: =IF(S6="Q","Queenstown",IF(S6="C","Cherbourg",IF(S6="S","Southampton","Unknown"))) -> Southampton
A7: 6 | B7: 0 | C7: 3 | D7: Moran | E7: James | F7: Mr | G7: =_xlfn.XLOOKUP(F7,notes!$B$12:$B$18,notes!$C$12:$C$18,"Unknown") -> Male | H7: Unknown | I7: =_xlfn.XLOOKUP(H7,notes!$B$4:$B$8,notes!$C$4:$C$8,"Invalid",-1) -> Unknown | J7: 0 | K7: 0 | L7: =(J7+K7)+1 -> 1 | M7: =IF(B7=1,"Survived","Not Survived") -> Not Survived | N7: =_xlfn.XLOOKUP(L7,notes!$B$28:$B$30,notes!$C$28:$C$30,"Unknown",-1) -> Alone | O7: 330877 | P7: 8.4583 | Q7: =IF(P7>=50,"High",IF(P7>=10,"Mid",IF(P7<10,"Low","invalid"))) -> Low | R7: Unknown | S7: Q | T7: =IF(S7="Q","Queenstown",IF(S7="C","Cherbourg",IF(S7="S","Southampton","Unknown"))) -> Queenstown
A8: 7 | B8: 0 | C8: 1 | D8: McCarthy | E8: Timothy J | F8: Mr | G8: =_xlfn.XLOOKUP(F8,notes!$B$12:$B$18,notes!$C$12:$C$18,"Unknown") -> Male | H8: 54 | I8: =_xlfn.XLOOKUP(H8,notes!$B$4:$B$8,notes!$C$4:$C$8,"Invalid",-1) -> Adult | J8: 0 | K8: 0 | L8: =(J8+K8)+1 -> 1 | M8: =IF(B8=1,"Survived","Not Survived") -> Not Survived | N8: =_xlfn.XLOOKUP(L8,notes!$B$28:$B$30,notes!$C$28:$C$30,"Unknown",-1) -> Alone | O8: 17463 | P8: 51.8625 | Q8: =IF(P8>=50,"High",IF(P8>=10,"Mid",IF(P8<10,"Low","invalid"))) -> High | R8: E46 | S8: S | T8: =IF(S8="Q","Queenstown",IF(S8="C","Cherbourg",IF(S8="S","Southampton","Unknown"))) -> Southampton
A9: 8 | B9: 0 | C9: 3 | D9: Palsson | E9: Gosta Leonard | F9: Master | G9: =_xlfn.XLOOKUP(F9,notes!$B$12:$B$18,notes!$C$12:$C$18,"Unknown") -> Male | H9: 2 | I9: =_xlfn.XLOOKUP(H9,notes!$B$4:$B$8,notes!$C$4:$C$8,"Invalid",-1) -> Kid | J9: 3 | K9: 1 | L9: =(J9+K9)+1 -> 5 | M9: =IF(B9=1,"Survived","Not Survived") -> Not Survived | N9: =_xlfn.XLOOKUP(L9,notes!$B$28:$B$30,notes!$C$28:$C$30,"Unknown",-1) -> Large Family | O9: 349909 | P9: 21.075 | Q9: =IF(P9>=50,"High",IF(P9>=10,"Mid",IF(P9<10,"Low","invalid"))) -> Mid | R9: Unknown | S9: S | T9: =IF(S9="Q","Queenstown",IF(S9="C","Cherbourg",IF(S9="S","Southampton","Unknown"))) -> Southampton
A10: 9 | B10: 1 | C10: 3 | D10: Johnson | E10: Oscar W (Elisabeth Vilhelmina Berg) | F10: Mrs | G10: =_xlfn.XLOOKUP(F10,notes!$B$12:$B$18,notes!$C$12:$C$18,"Unknown") -> Female | H10: 27 | I10: =_xlfn.XLOOKUP(H10,notes!$B$4:$B$8,notes!$C$4:$C$8,"Invalid",-1) -> Adult | J10: 0 | K10: 2 | L10: =(J10+K10)+1 -> 3 | M10: =IF(B10=1,"Survived","Not Survived") -> Survived | N10: =_xlfn.XLOOKUP(L10,notes!$B$28:$B$30,notes!$C$28:$C$30,"Unknown",-1) -> Small Family | O10: 347742 | P10: 11.1333 | Q10: =IF(P10>=50,"High",IF(P10>=10,"Mid",IF(P10<10,"Low","invalid"))) -> Mid | R10: Unknown | S10: S | T10: =IF(S10="Q","Queenstown",IF(S10="C","Cherbourg",IF(S10="S","Southampton","Unknown"))) -> Southampton
A11: 10 | B11: 1 | C11: 2 | D11: Nasser | E11: Nicholas (Adele Achem) | F11: Mrs | G11: =_xlfn.XLOOKUP(F11,notes!$B$12:$B$18,notes!$C$12:$C$18,"Unknown") -> Female | H11: 14 | I11: =_xlfn.XLOOKUP(H11,notes!$B$4:$B$8,notes!$C$4:$C$8,"Invalid",-1) -> Teenager | J11: 1 | K11: 0 | L11: =(J11+K11)+1 -> 2 | M11: =IF(B11=1,"Survived","Not Survived") -> Survived | N11: =_xlfn.XLOOKUP(L11,notes!$B$28:$B$30,notes!$C$28:$C$30,"Unknown",-1) -> Small Family | O11: 237736 | P11: 30.0708 | Q11: =IF(P11>=50,"High",IF(P11>=10,"Mid",IF(P11<10,"Low","invalid"))) -> Mid | R11: Unknown | S11: C | T11: =IF(S11="Q","Queenstown",IF(S11="C","Cherbourg",IF(S11="S","Southampton","Unknown"))) -> Cherbourg
A12: 11 | B12: 1 | C12: 3 | D12: Sandstrom | E12: Marguerite Rut | F12: Miss | G12: =_xlfn.XLOOKUP(F12,notes!$B$12:$B$18,notes!$C$12:$C$18,"Unknown") -> Female | H12: 4 | I12: =_xlfn.XLOOKUP(H12,notes!$B$4:$B$8,notes!$C$4:$C$8,"Invalid",-1) -> Kid | J12: 1 | K12: 1 | L12: =(J12+K12)+1 -> 3 | M12: =IF(B12=1,"Survived","Not Survived") -> Survived | N12: =_xlfn.XLOOKUP(L12,notes!$B$28:$B$30,notes!$C$28:$C$30,"Unknown",-1) -> Small Family | O12: PP 9549 | P12: 16.7 | Q12: =IF(P12>=50,"High",IF(P12>=10,"Mid",IF(P12<10,"Low","invalid"))) -> Mid | R12: G6 | S12: S | T12: =IF(S12="Q","Queenstown",IF(S12="C","Cherbourg",IF(S12="S","Southampton","Unknown"))) -> Southampton
A13: 12 | B13: 1 | C13: 1 | D13: Bonnell | E13: Elizabeth | F13: Miss | G13: =_xlfn.XLOOKUP(F13,notes!$B$12:$B$18,notes!$C$12:$C$18,"Unknown") -> Female | H13: 58 | I13: =_xlfn.XLOOKUP(H13,notes!$B$4:$B$8,notes!$C$4:$C$8,"Invalid",-1) -> Adult | J13: 0 | K13: 0 | L13: =(J13+K13)+1 -> 1 | M13: =IF(B13=1,"Survived","Not Survived") -> Survived | N13: =_xlfn.XLOOKUP(L13,notes!$B$28:$B$30,notes!$C$28:$C$30,"Unknown",-1) -> Alone | O13: 113783 | P13: 26.55 | Q13: =IF(P13>=50,"High",IF(P13>=10,"Mid",IF(P13<10,"Low","invalid"))) -> Mid | R13: C103 | S13: S | T13: =IF(S13="Q","Queenstown",IF(S13="C","Cherbourg",IF(S13="S","Southampton","Unknown"))) -> Southampton
A14: 13 | B14: 0 | C14: 3 | D14: Saundercock | E14: William Henry | F14: Mr | G14: =_xlfn.XLOOKUP(F14,notes!$B$12:$B$18,notes!$C$12:$C$18,"Unknown") -> Male | H14: 20 | I14: =_xlfn.XLOOKUP(H14,notes!$B$4:$B$8,notes!$C$4:$C$8,"Invalid",-1) -> Adult | J14: 0 | K14: 0 | L14: =(J14+K14)+1 -> 1 | M14: =IF(B14=1,"Survived","Not Survived") -> Not Survived | N14: =_xlfn.XLOOKUP(L14,notes!$B$28:$B$30,notes!$C$28:$C$30,"Unknown",-1) -> Alone | O14: A/5. 2151 | P14: 8.05 | Q14: =IF(P14>=50,"High",IF(P14>=10,"Mid",IF(P14<10,"Low","invalid"))) -> Low | R14: Unknown | S14: S | T14: =IF(S14="Q","Queenstown",IF(S14="C","Cherbourg",IF(S14="S","Southampton","Unknown"))) -> Southampton
A15: 14 | B15: 0 | C15: 3 | D15: Andersson | E15: Anders Johan | F15: Mr | G15: =_xlfn.XLOOKUP(F15,notes!$B$12:$B$18,notes!$C$12:$C$18,"Unknown") -> Male | H15: 39 | I15: =_xlfn.XLOOKUP(H15,notes!$B$4:$B$8,notes!$C$4:$C$8,"Invalid",-1) -> Adult | J15: 1 | K15: 5 | L15: =(J15+K15)+1 -> 7 | M15: =IF(B15=1,"Survived","Not Survived") -> Not Survived | N15: =_xlfn.XLOOKUP(L15,notes!$B$28:$B$30,notes!$C$28:$C$30,"Unknown",-1) -> Large Family | O15: 347082 | P15: 31.275 | Q15: =IF(P15>=50,"High",IF(P15>=10,"Mid",IF(P15<10,"Low","invalid"))) -> Mid | R15: Unknown | S15: S | T15: =IF(S15="Q","Queenstown",IF(S15="C","Cherbourg",IF(S15="S","Southampton","Unknown"))) -> Southampton
A16: 15 | B16: 0 | C16: 3 | D16: Vestrom | E16: Hulda Amanda Adolfina | F16: Miss | G16: =_xlfn.XLOOKUP(F16,notes!$B$12:$B$18,notes!$C$12:$C$18,"Unknown") -> Female | H16: 14 | I16: =_xlfn.XLOOKUP(H16,notes!$B$4:$B$8,notes!$C$4:$C$8,"Invalid",-1) -> Teenager | J16: 0 | K16: 0 | L16: =(J16+K16)+1 -> 1 | M16: =IF(B16=1,"Survived","Not Survived") -> Not Survived | N16: =_xlfn.XLOOKUP(L16,notes!$B$28:$B$30,notes!$C$28:$C$30,"Unknown",-1) -> Alone | O16: 350406 | P16: 7.8542 | Q16: =IF(P16>=50,"High",IF(P16>=10,"Mid",IF(P16<10,"Low","invalid"))) -> Low | R16: Unknown | S16: S | T16: =IF(S16="Q","Queenstown",IF(S16="C","Cherbourg",IF(S16="S","Southampton","Unknown"))) -> Southampton
A17: 16 | B17: 1 | C17: 2 | D17: Hewlett | E17: (Mary D Kingcome) | F17: Mrs | G17: =_xlfn.XLOOKUP(F17,notes!$B$12:$B$18,notes!$C$12:$C$18,"Unknown") -> Female | H17: 55 | I17: =_xlfn.XLOOKUP(H17,notes!$B$4:$B$8,notes!$C$4:$C$8,"Invalid",-1) -> Adult | J17: 0 | K17: 0 | L17: =(J17+K17)+1 -> 1 | M17: =IF(B17=1,"Survived","Not Survived") -> Survived | N17: =_xlfn.XLOOKUP(L17,notes!$B$28:$B$30,notes!$C$28:$C$30,"Unknown",-1) -> Alone | O17: 248706 | P17: 16 | Q17: =IF(P17>=50,"High",IF(P17>=10,"Mid",IF(P17<10,"Low","invalid"))) -> Mid | R17: Unknown | S17: S | T17: =IF(S17="Q","Queenstown",IF(S17="C","Cherbourg",IF(S17="S","Southampton","Unknown"))) -> Southampton
A18: 17 | B18: 0 | C18: 3 | D18: Rice | E18: Eugene | F18: Master | G18: =_xlfn.XLOOKUP(F18,notes!$B$12:$B$18,notes!$C$12:$C$18,"Unknown") -> Male | H18: 2 | I18: =_xlfn.XLOOKUP(H18,notes!$B$4:$B$8,notes!$C$4:$C$8,"Invalid",-1) -> Kid | J18: 4 | K18: 1 | L18: =(J18+K18)+1 -> 6 | M18: =IF(B18=1,"Survived","Not Survived") -> Not Survived | N18: =_xlfn.XLOOKUP(L18,notes!$B$28:$B$30,notes!$C$28:$C$30,"Unknown",-1) -> Large Family | O18: 382652 | P18: 29.125 | Q18: =IF(P18>=50,"High",IF(P18>=10,"Mid",IF(P18<10,"Low","invalid"))) -> Mid | R18: Unknown | S18: Q | T18: =IF(S18="Q","Queenstown",IF(S18="C","Cherbourg",IF(S18="S","Southampton","Unknown"))) -> Queenstown
A19: 18 | B19: 1 | C19: 2 | D19: Williams | E19: Charles Eugene | F19: Mr | G19: =_xlfn.XLOOKUP(F19,notes!$B$12:$B$18,notes!$C$12:$C$18,"Unknown") -> Male | H19: Unknown | I19: =_xlfn.XLOOKUP(H19,notes!$B$4:$B$8,notes!$C$4:$C$8,"Invalid",-1) -> Unknown | J19: 0 | K19: 0 | L19: =(J19+K19)+1 -> 1 | M19: =IF(B19=1,"Survived","Not Survived") -> Survived | N19: =_xlfn.XLOOKUP(L19,notes!$B$28:$B$30,notes!$C$28:$C$30,"Unknown",-1) -> Alone | O19: 244373 | P19: 13 | Q19: =IF(P19>=50,"High",IF(P19>=10,"Mid",IF(P19<10,"Low","invalid"))) -> Mid | R19: Unknown | S19: S | T19: =IF(S19="Q","Queenstown",IF(S19="C","Cherbourg",IF(S19="S","Southampton","Unknown"))) -> Southampton
A20: 19 | B20: 0 | C20: 3 | D20: Vander Planke | E20: Julius (Emelia Maria Vandemoortele) | F20: Mrs | G20: =_xlfn.XLOOKUP(F20,notes!$B$12:$B$18,notes!$C$12:$C$18,"Unknown") -> Female | H20: 31 | I20: =_xlfn.XLOOKUP(H20,notes!$B$4:$B$8,notes!$C$4:$C$8,"Invalid",-1) -> Adult | J20: 1 | K20: 0 | L20: =(J20+K20)+1 -> 2 | M20: =IF(B20=1,"Survived","Not Survived") -> Not Survived | N20: =_xlfn.XLOOKUP(L20,notes!$B$28:$B$30,notes!$C$28:$C$30,"Unknown",-1) -> Small Family | O20: 345763 | P20: 18 | Q20: =IF(P20>=50,"High",IF(P20>=10,"Mid",IF(P20<10,"Low","invalid"))) -> Mid | R20: Unknown | S20: S | T20: =IF(S20="Q","Queenstown",IF(S20="C","Cherbourg",IF(S20="S","Southampton","Unknown"))) -> Southampton
A21: 20 | B21: 1 | C21: 3 | D21: Masselmani | E21: Fatima | F21: Mrs | G21: =_xlfn.XLOOKUP(F21,notes!$B$12:$B$18,notes!$C$12:$C$18,"Unknown") -> Female | H21: Unknown | I21: =_xlfn.XLOOKUP(H21,notes!$B$4:$B$8,notes!$C$4:$C$8,"Invalid",-1) -> Unknown | J21: 0 | K21: 0 | L21: =(J21+K21)+1 -> 1 | M21: =IF(B21=1,"Survived","Not Survived") -> Survived | N21: =_xlfn.XLOOKUP(L21,notes!$B$28:$B$30,notes!$C$28:$C$30,"Unknown",-1) -> Alone | O21: 2649 | P21: 7.225 | Q21: =IF(P21>=50,"High",IF(P21>=10,"Mid",IF(P21<10,"Low","invalid"))) -> Low | R21: Unknown | S21: C | T21: =IF(S21="Q","Queenstown",IF(S21="C","Cherbourg",IF(S21="S","Southampton","Unknown"))) -> Cherbourg
A22: 21 | B22: 0 | C22: 2 | D22: Fynney | E22: Joseph J | F22: Mr | G22: =_xlfn.XLOOKUP(F22,notes!$B$12:$B$18,notes!$C$12:$C$18,"Unknown") -> Male | H22: 35 | I22: =_xlfn.XLOOKUP(H22,notes!$B$4:$B$8,notes!$C$4:$C$8,"Invalid",-1) -> Adult | J22: 0 | K22: 0 | L22: =(J22+K22)+1 -> 1 | M22: =IF(B22=1,"Survived","Not Survived") -> Not Survived | N22: =_xlfn.XLOOKUP(L22,notes!$B$28:$B$30,notes!$C$28:$C$30,"Unknown",-1) -> Alone | O22: 239865 | P22: 26 | Q22: =IF(P22>=50,"High",IF(P22>=10,"Mid",IF(P22<10,"Low","invalid"))) -> Mid | R22: Unknown | S22: S | T22: =IF(S22="Q","Queenstown",IF(S22="C","Cherbourg",IF(S22="S","Southampton","Unknown"))) -> Southampton
A23: 22 | B23: 1 | C23: 2 | D23: Beesley | E23: Lawrence | F23: Mr | G23: =_xlfn.XLOOKUP(F23,notes!$B$12:$B$18,notes!$C$12:$C$18,"Unknown") -> Male | H23: 34 | I23: =_xlfn.XLOOKUP(H23,notes!$B$4:$B$8,notes!$C$4:$C$8,"Invalid",-1) -> Adult | J23: 0 | K23: 0 | L23: =(J23+K23)+1 -> 1 | M23: =IF(B23=1,"Survived","Not Survived") -> Survived | N23: =_xlfn.XLOOKUP(L23,notes!$B$28:$B$30,notes!$C$28:$C$30,"Unknown",-1) -> Alone | O23: 248698 | P23: 13 | Q23: =IF(P23>=50,"High",IF(P23>=10,"Mid",IF(P23<10,"Low","invalid"))) -> Mid | R23: D56 | S23: S | T23: =IF(S23="Q","Queenstown",IF(S23="C","Cherbourg",IF(S23="S","Southampton","Unknown"))) -> Southampton
A24: 23 | B24: 1 | C24: 3 | D24: McGowan | E24: Anna "Annie" | F24: Miss | G24: =_xlfn.XLOOKUP(F24,notes!$B$12:$B$18,notes!$C$12:$C$18,"Unknown") -> Female | H24: 15 | I24: =_xlfn.XLOOKUP(H24,notes!$B$4:$B$8,notes!$C$4:$C$8,"Invalid",-1) -> Teenager | J24: 0 | K24: 0 | L24: =(J24+K24)+1 -> 1 | M24: =IF(B24=1,"Survived","Not Survived") -> Survived | N24: =_xlfn.XLOOKUP(L24,notes!$B$28:$B$30,notes!$C$28:$C$30,"Unknown",-1) -> Alone | O24: 330923 | P24: 8.0292 | Q24: =IF(P24>=50,"High",IF(P24>=10,"Mid",IF(P24<10,"Low","invalid"))) -> Low | R24: Unknown | S24: Q | T24: =IF(S24="Q","Queenstown",IF(S24="C","Cherbourg",IF(S24="S","Southampton","Unknown"))) -> Queenstown
A25: 24 | B25: 1 | C25: 1 | D25: Sloper | E25: William Thompson | F25: Mr | G25: =_xlfn.XLOOKUP(F25,notes!$B$12:$B$18,notes!$C$12:$C$18,"Unknown") -> Male | H25: 28 | I25: =_xlfn.XLOOKUP(H25,notes!$B$4:$B$8,notes!$C$4:$C$8,"Invalid",-1) -> Adult | J25: 0 | K25: 0 | L25: =(J25+K25)+1 -> 1 | M25: =IF(B25=1,"Survived","Not Survived") -> Survived | N25: =_xlfn.XLOOKUP(L25,notes!$B$28:$B$30,notes!$C$28:$C$30,"Unknown",-1) -> Alone | O25: 113788 | P25: 35.5 | Q25: =IF(P25>=50,"High",IF(P25>=10,"Mid",IF(P25<10,"Low","invalid"))) -> Mid | R25: A6 | S25: S | T25: =IF(S25="Q","Queenstown",IF(S25="C","Cherbourg",IF(S25="S","Southampton","Unknown"))) -> Southampton
A26: 25 | B26: 0 | C26: 3 | D26: Palsson | E26: Torborg Danira | F26: Miss | G26: =_xlfn.XLOOKUP(F26,notes!$B$12:$B$18,notes!$C$12:$C$18,"Unknown") -> Female | H26: 8 | I26: =_xlfn.XLOOKUP(H26,notes!$B$4:$B$8,notes!$C$4:$C$8,"Invalid",-1) -> Kid | J26: 3 | K26: 1 | L26: =(J26+K26)+1 -> 5 | M26: =IF(B26=1,"Survived","Not Survived") -> Not Survived | N26: =_xlfn.XLOOKUP(L26,notes!$B$28:$B$30,notes!$C$28:$C$30,"Unknown",-1) -> Large Family | O26: 349909 | P26: 21.075 | Q26: =IF(P26>=50,"High",IF(P26>=10,"Mid",IF(P26<10,"Low","invalid"))) -> Mid | R26: Unknown | S26: S | T26: =IF(S26="Q","Queenstown",IF(S26="C","Cherbourg",IF(S26="S","Southampton","Unknown"))) -> Southampton
A27: 26 | B27: 1 | C27: 3 | D27: Asplund | E27: Carl Oscar (Selma Augusta Emilia Johansson) | F27: Mrs | G27: =_xlfn.XLOOKUP(F27,notes!$B$12:$B$18,notes!$C$12:$C$18,"Unknown") -> Female | H27: 38 | I27: =_xlfn.XLOOKUP(H27,notes!$B$4:$B$8,notes!$C$4:$C$8,"Invalid",-1) -> Adult | J27: 1 | K27: 5 | L27: =(J27+K27)+1 -> 7 | M27: =IF(B27=1,"Survived","Not Survived") -> Survived | N27: =_xlfn.XLOOKUP(L27,notes!$B$28:$B$30,notes!$C$28:$C$30,"Unknown",-1) -> Large Family | O27: 347077 | P27: 31.3875 | Q27: =IF(P27>=50,"High",IF(P27>=10,"Mid",IF(P27<10,"Low","invalid"))) -> Mid | R27: Unknown | S27: S | T27: =IF(S27="Q","Queenstown",IF(S27="C","Cherbourg",IF(S27="S","Southampton","Unknown"))) -> Southampton
A28: 27 | B28: 0 | C28: 3 | D28: Emir | E28: Farred Chehab | F28: Mr | G28: =_xlfn.XLOOKUP(F28,notes!$B$12:$B$18,notes!$C$12:$C$18,"Unknown") -> Male | H28: Unknown | I28: =_xlfn.XLOOKUP(H28,notes!$B$4:$B$8,notes!$C$4:$C$8,"Invalid",-1) -> Unknown | J28: 0 | K28: 0 | L28: =(J28+K28)+1 -> 1 | M28: =IF(B28=1,"Survived","Not Survived") -> Not Survived | N28: =_xlfn.XLOOKUP(L28,notes!$B$28:$B$30,notes!$C$28:$C$30,"Unknown",-1) -> Alone | O28: 2631 | P28: 7.225 | Q28: =IF(P28>=50,"High",IF(P28>=10,"Mid",IF(P28<10,"Low","invalid"))) -> Low | R28: Unknown | S28: C | T28: =IF(S28="Q","Queenstown",IF(S28="C","Cherbourg",IF(S28="S","Southampton","Unknown"))) -> Cherbourg
A29: 28 | B29: 0 | C29: 1 | D29: Fortune | E29: Charles Alexander | F29: Mr | G29: =_xlfn.XLOOKUP(F29,notes!$B$12:$B$18,notes!$C$12:$C$18,"Unknown") -> Male | H29: 19 | I29: =_xlfn.XLOOKUP(H29,notes!$B$4:$B$8,notes!$C$4:$C$8,"Invalid",-1) -> Teenager | J29: 3 | K29: 2 | L29: =(J29+K29)+1 -> 6 | M29: =IF(B29=1,"Survived","Not Survived") -> Not Survived | N29: =_xlfn.XLOOKUP(L29,notes!$B$28:$B$30,notes!$C$28:$C$30,"Unknown",-1) -> Large Family | O29: 19950 | P29: 263 | Q29: =IF(P29>=50,"High",IF(P29>=10,"Mid",IF(P29<10,"Low","invalid"))) -> High | R29: C23 C25 C27 | S29: S | T29: =IF(S29="Q","Queenstown",IF(S29="C","Cherbourg",IF(S29="S","Southampton","Unknown"))) -> Southampton
A30: 29 | B30: 1 | C30: 3 | D30: O'Dwyer | E30: Ellen "Nellie" | F30: Miss | G30: =_xlfn.XLOOKUP(F30,notes!$B$12:$B$18,notes!$C$12:$C$18,"Unknown") -> Female | H30: Unknown | I30: =_xlfn.XLOOKUP(H30,notes!$B$4:$B$8,notes!$C$4:$C$8,"Invalid",-1) -> Unknown | J30: 0 | K30: 0 | L30: =(J30+K30)+1 -> 1 | M30: =IF(B30=1,"Survived","Not Survived") -> Survived | N30: =_xlfn.XLOOKUP(L30,notes!$B$28:$B$30,notes!$C$28:$C$30,"Unknown",-1) -> Alone | O30: 330959 | P30: 7.8792 | Q30: =IF(P30>=50,"High",IF(P30>=10,"Mid",IF(P30<10,"Low","invalid"))) -> Low | R30: Unknown | S30: Q | T30: =IF(S30="Q","Queenstown",IF(S30="C","Cherbourg",IF(S30="S","Southampton","Unknown"))) -> Queenstown
A31: 30 | B31: 0 | C31: 3 | D31: Todoroff | E31: Lalio | F31: Mr | G31: =_xlfn.XLOOKUP(F31,notes!$B$12:$B$18,notes!$C$12:$C$18,"Unknown") -> Male | H31: Unknown | I31: =_xlfn.XLOOKUP(H31,notes!$B$4:$B$8,notes!$C$4:$C$8,"Invalid",-1) -> Unknown | J31: 0 | K31: 0 | L31: =(J31+K31)+1 -> 1 | M31: =IF(B31=1,"Survived","Not Survived") -> Not Survived | N31: =_xlfn.XLOOKUP(L31,notes!$B$28:$B$30,notes!$C$28:$C$30,"Unknown",-1) -> Alone | O31: 349216 | P31: 7.8958 | Q31: =IF(P31>=50,"High",IF(P31>=10,"Mid",IF(P31<10,"Low","invalid"))) -> Low | R31: Unknown | S31: S | T31: =IF(S31="Q","Queenstown",IF(S31="C","Cherbourg",IF(S31="S","Southampton","Unknown"))) -> Southampton
A32: 31 | B32: 0 | C32: 1 | D32: Uruchurtu | E32: Manuel E | F32: Don | G32: =_xlfn.XLOOKUP(F32,notes!$B$12:$B$18,notes!$C$12:$C$18,"Unknown") -> Unknown | H32: 40 | I32: =_xlfn.XLOOKUP(H32,notes!$B$4:$B$8,notes!$C$4:$C$8,"Invalid",-1) -> Adult | J32: 0 | K32: 0 | L32: =(J32+K32)+1 -> 1 | M32: =IF(B32=1,"Survived","Not Survived") -> Not Survived | N32: =_xlfn.XLOOKUP(L32,notes!$B$28:$B$30,notes!$C$28:$C$30,"Unknown",-1) -> Alone | O32: PC 17601 | P32: 27.7208 | Q32: =IF(P32>=50,"High",IF(P32>=10,"Mid",IF(P32<10,"Low","invalid"))) -> Mid | R32: Unknown | S32: C | T32: =IF(S32="Q","Queenstown",IF(S32="C","Cherbourg",IF(S32="S","Southampton","Unknown"))) -> Cherbourg
A33: 32 | B33: 1 | C33: 1 | D33: Spencer | E33: William Augustus (Marie Eugenie) | F33: Mrs | G33: =_xlfn.XLOOKUP(F33,notes!$B$12:$B$18,notes!$C$12:$C$18,"Unknown") -> Female | H33: Unknown | I33: =_xlfn.XLOOKUP(H33,notes!$B$4:$B$8,notes!$C$4:$C$8,"Invalid",-1) -> Unknown | J33: 1 | K33: 0 | L33: =(J33+K33)+1 -> 2 | M33: =IF(B33=1,"Survived","Not Survived") -> Survived | N33: =_xlfn.XLOOKUP(L33,notes!$B$28:$B$30,notes!$C$28:$C$30,"Unknown",-1) -> Small Family | O33: PC 17569 | P33: 146.5208 | Q33: =IF(P33>=50,"High",IF(P33>=10,"Mid",IF(P33<10,"Low","invalid"))) -> High | R33: B78 | S33: C | T33: =IF(S33="Q","Queenstown",IF(S33="C","Cherbourg",IF(S33="S","Southampton","Unknown"))) -> Cherbourg
A34: 33 | B34: 1 | C34: 3 | D34: Glynn | E34: Mary Agatha | F34: Miss | G34: =_xlfn.XLOOKUP(F34,notes!$B$12:$B$18,notes!$C$12:$C$18,"Unknown") -> Female | H34: Unknown | I34: =_xlfn.XLOOKUP(H34,notes!$B$4:$B$8,notes!$C$4:$C$8,"Invalid",-1) -> Unknown | J34: 0 | K34: 0 | L34: =(J34+K34)+1 -> 1 | M34: =IF(B34=1,"Survived","Not Survived") -> Survived | N34: =_xlfn.XLOOKUP(L34,notes!$B$28:$B$30,notes!$C$28:$C$30,"Unknown",-1) -> Alone | O34: 335677 | P34: 7.75 | Q34: =IF(P34>=50,"High",IF(P34>=10,"Mid",IF(P34<10,"Low","invalid"))) -> Low | R34: Unknown | S34: Q | T34: =IF(S34="Q","Queenstown",IF(S34="C","Cherbourg",IF(S34="S","Southampton","Unknown"))) -> Queenstown
A35: 34 | B35: 0 | C35: 2 | D35: Wheadon | E35: Edward H | F35: Mr | G35: =_xlfn.XLOOKUP(F35,notes!$B$12:$B$18,notes!$C$12:$C$18,"Unknown") -> Male | H35: 66 | I35: =_xlfn.XLOOKUP(H35,notes!$B$4:$B$8,notes!$C$4:$C$8,"Invalid",-1) -> Elderly | J35: 0 | K35: 0 | L35: =(J35+K35)+1 -> 1 | M35: =IF(B35=1,"Survived","Not Survived") -> Not Survived | N35: =_xlfn.XLOOKUP(L35,notes!$B$28:$B$30,notes!$C$28:$C$30,"Unknown",-1) -> Alone | O35: C.A. 24579 | P35: 10.5 | Q35: =IF(P35>=50,"High",IF(P35>=10,"Mid",IF(P35<10,"Low","invalid"))) -> Mid | R35: Unknown | S35: S | T35: =IF(S35="Q","Queenstown",IF(S35="C","Cherbourg",IF(S35="S","Southampton","Unknown"))) -> Southampton
A36: 35 | B36: 0 | C36: 1 | D36: Meyer | E36: Edgar Joseph | F36: Mr | G36: =_xlfn.XLOOKUP(F36,notes!$B$12:$B$18,notes!$C$12:$C$18,"Unknown") -> Male | H36: 28 | I36: =_xlfn.XLOOKUP(H36,notes!$B$4:$B$8,notes!$C$4:$C$8,"Invalid",-1) -> Adult | J36: 1 | K36: 0 | L36: =(J36+K36)+1 -> 2 | M36: =IF(B36=1,"Survived","Not Survived") -> Not Survived | N36: =_xlfn.XLOOKUP(L36,notes!$B$28:$B$30,notes!$C$28:$C$30,"Unknown",-1) -> Small Family | O36: PC 17604 | P36: 82.1708 | Q36: =IF(P36>=50,"High",IF(P36>=10,"Mid",IF(P36<10,"Low","invalid"))) -> High | R36: Unknown | S36: C | T36: =IF(S36="Q","Queenstown",IF(S36="C","Cherbourg",IF(S36="S","Southampton","Unknown"))) -> Cherbourg
A37: 36 | B37: 0 | C37: 1 | D37: Holverson | E37: Alexander Oskar | F37: Mr | G37: =_xlfn.XLOOKUP(F37,notes!$B$12:$B$18,notes!$C$12:$C$18,"Unknown") -> Male | H37: 42 | I37: =_xlfn.XLOOKUP(H37,notes!$B$4:$B$8,notes!$C$4:$C$8,"Invalid",-1) -> Adult | J37: 1 | K37: 0 | L37: =(J37+K37)+1 -> 2 | M37: =IF(B37=1,"Survived","Not Survived") -> Not Survived | N37: =_xlfn.XLOOKUP(L37,notes!$B$28:$B$30,notes!$C$28:$C$30,"Unknown",-1) -> Small Family | O37: 113789 | P37: 52 | Q37: =IF(P37>=50,"High",IF(P37>=10,"Mid",IF(P37<10,"Low","invalid"))) -> High | R37: Unknown | S37: S | T37: =IF(S37="Q","Queenstown",IF(S37="C","Cherbourg",IF(S37="S","Southampton","Unknown"))) -> Southampton
A38: 37 | B38: 1 | C38: 3 | D38: Mamee | E38: Hanna | F38: Mr | G38: =_xlfn.XLOOKUP(F38,notes!$B$12:$B$18,notes!$C$12:$C$18,"Unknown") -> Male | H38: Unknown | I38: =_xlfn.XLOOKUP(H38,notes!$B$4:$B$8,notes!$C$4:$C$8,"Invalid",-1) -> Unknown | J38: 0 | K38: 0 | L38: =(J38+K38)+1 -> 1 | M38: =IF(B38=1,"Survived","Not Survived") -> Survived | N38: =_xlfn.XLOOKUP(L38,notes!$B$28:$B$30,notes!$C$28:$C$30,"Unknown",-1) -> Alone | O38: 2677 | P38: 7.2292 | Q38: =IF(P38>=50,"High",IF(P38>=10,"Mid",IF(P38<10,"Low","invalid"))) -> Low | R38: Unknown | S38: C | T38: =IF(S38="Q","Queenstown",IF(S38="C","Cherbourg",IF(S38="S","Southampton","Unknown"))) -> Cherbourg
A39: 38 | B39: 0 | C39: 3 | D39: Cann | E39: Ernest Charles | F39: Mr | G39: =_xlfn.XLOOKUP(F39,notes!$B$12:$B$18,notes!$C$12:$C$18,"Unknown") -> Male | H39: 21 | I39: =_xlfn.XLOOKUP(H39,notes!$B$4:$B$8,notes!$C$4:$C$8,"Invalid",-1) -> Adult | J39: 0 | K39: 0 | L39: =(J39+K39)+1 -> 1 | M39: =IF(B39=1,"Survived","Not Survived") -> Not Survived | N39: =_xlfn.XLOOKUP(L39,notes!$B$28:$B$30,notes!$C$28:$C$30,"Unknown",-1) -> Alone | O39: A./5. 2152 | P39: 8.05 | Q39: =IF(P39>=50,"High",IF(P39>=10,"Mid",IF(P39<10,"Low","invalid"))) -> Low | R39: Unknown | S39: S | T39: =IF(S39="Q","Queenstown",IF(S39="C","Cherbourg",IF(S39="S","Southampton","Unknown"))) -> Southampton
A40: 39 | B40: 0 | C40: 3 | D40: Vander Planke | E40: Augusta Maria | F40: Miss | G40: =_xlfn.XLOOKUP(F40,notes!$B$12:$B$18,notes!$C$12:$C$18,"Unknown") -> Female | H40: 18 | I40: =_xlfn.XLOOKUP(H40,notes!$B$4:$B$8,notes!$C$4:$C$8,"Invalid",-1) -> Teenager | J40: 2 | K40: 0 | L40: =(J40+K40)+1 -> 3 | M40: =IF(B40=1,"Survived","Not Survived") -> Not Survived | N40: =_xlfn.XLOOKUP(L40,notes!$B$28:$B$30,notes!$C$28:$C$30,"Unknown",-1) -> Small Family | O40: 345764 | P40: 18 | Q40: =IF(P40>=50,"High",IF(P40>=10,"Mid",IF(P40<10,"Low","invalid"))) -> Mid | R40: Unknown | S40: S | T40: =IF(S40="Q","Queenstown",IF(S40="C","Cherbourg",IF(S40="S","Southampton","Unknown"))) -> Southampton
A41: 40 | B41: 1 | C41: 3 | D41: Nicola-Yarred | E41: Jamila | F41: Miss | G41: =_xlfn.XLOOKUP(F41,notes!$B$12:$B$18,notes!$C$12:$C$18,"Unknown") -> Female | H41: 14 | I41: =_xlfn.XLOOKUP(H41,notes!$B$4:$B$8,notes!$C$4:$C$8,"Invalid",-1) -> Teenager | J41: 1 | K41: 0 | L41: =(J41+K41)+1 -> 2 | M41: =IF(B41=1,"Survived","Not Survived") -> Survived | N41: =_xlfn.XLOOKUP(L41,notes!$B$28:$B$30,notes!$C$28:$C$30,"Unknown",-1) -> Small Family | O41: 2651 | P41: 11.2417 | Q41: =IF(P41>=50,"High",IF(P41>=10,"Mid",IF(P41<10,"Low","invalid"))) -> Mid | R41: Unknown | S41: C | T41: =IF(S41="Q","Queenstown",IF(S41="C","Cherbourg",IF(S41="S","Southampton","Unknown"))) -> Cherbourg
A42: 41 | B42: 0 | C42: 3 | D42: Ahlin | E42: Johan (Johanna Persdotter Larsson) | F42: Mrs | G42: =_xlfn.XLOOKUP(F42,notes!$B$12:$B$18,notes!$C$12:$C$18,"Unknown") -> Female | H42: 40 | I42: =_xlfn.XLOOKUP(H42,notes!$B$4:$B$8,notes!$C$4:$C$8,"Invalid",-1) -> Adult | J42: 1 | K42: 0 | L42: =(J42+K42)+1 -> 2 | M42: =IF(B42=1,"Survived","Not Survived") -> Not Survived | N42: =_xlfn.XLOOKUP(L42,notes!$B$28:$B$30,notes!$C$28:$C$30,"Unknown",-1) -> Small Family | O42: 7546 | P42: 9.475 | Q42: =IF(P42>=50,"High",IF(P42>=10,"Mid",IF(P42<10,"Low","invalid"))) -> Low | R42: Unknown | S42: S | T42: =IF(S42="Q","Queenstown",IF(S42="C","Cherbourg",IF(S42="S","Southampton","Unknown"))) -> Southampton
A43: 42 | B43: 0 | C43: 2 | D43: Turpin | E43: William John Robert (Dorothy Ann Wonnacott) | F43: Mrs | G43: =_xlfn.XLOOKUP(F43,notes!$B$12:$B$18,notes!$C$12:$C$18,"Unknown") -> Female | H43: 27 | I43: =_xlfn.XLOOKUP(H43,notes!$B$4:$B$8,notes!$C$4:$C$8,"Invalid",-1) -> Adult | J43: 1 | K43: 0 | L43: =(J43+K43)+1 -> 2 | M43: =IF(B43=1,"Survived","Not Survived") -> Not Survived | N43: =_xlfn.XLOOKUP(L43,notes!$B$28:$B$30,notes!$C$28:$C$30,"Unknown",-1) -> Small Family | O43: 11668 | P43: 21 | Q43: =IF(P43>=50,"High",IF(P43>=10,"Mid",IF(P43<10,"Low","invalid"))) -> Mid | R43: Unknown | S43: S | T43: =IF(S43="Q","Queenstown",IF(S43="C","Cherbourg",IF(S43="S","Southampton","Unknown"))) -> Southampton
A44: 43 | B44: 0 | C44: 3 | D44: Kraeff | E44: Theodor | F44: Mr | G44: =_xlfn.XLOOKUP(F44,notes!$B$12:$B$18,notes!$C$12:$C$18,"Unknown") -> Male | H44: Unknown | I44: =_xlfn.XLOOKUP(H44,notes!$B$4:$B$8,notes!$C$4:$C$8,"Invalid",-1) -> Unknown | J44: 0 | K44: 0 | L44: =(J44+K44)+1 -> 1 | M44: =IF(B44=1,"Survived","Not Survived") -> Not Survived | N44: =_xlfn.XLOOKUP(L44,notes!$B$28:$B$30,notes!$C$28:$C$30,"Unknown",-1) -> Alone | O44: 349253 | P44: 7.8958 | Q44: =IF(P44>=50,"High",IF(P44>=10,"Mid",IF(P44<10,"Low","invalid"))) -> Low | R44: Unknown | S44: C | T44: =IF(S44="Q","Queenstown",IF(S44="C","Cherbourg",IF(S44="S","Southampton","Unknown"))) -> Cherbourg
A45: 44 | B45: 1 | C45: 2 | D45: Laroche | E45: Simonne Marie Anne Andree | F45: Miss | G45: =_xlfn.XLOOKUP(F45,notes!$B$12:$B$18,notes!$C$12:$C$18,"Unknown") -> Female | H45: 3 | I45: =_xlfn.XLOOKUP(H45,notes!$B$4:$B$8,notes!$C$4:$C$8,"Invalid",-1) -> Kid | J45: 1 | K45: 2 | L45: =(J45+K45)+1 -> 4 | M45: =IF(B45=1,"Survived","Not Survived") -> Survived | N45: =_xlfn.XLOOKUP(L45,notes!$B$28:$B$30,notes!$C$28:$C$30,"Unknown",-1) -> Large Family | O45: SC/Paris 2123 | P45: 41.5792 | Q45: =IF(P45>=50,"High",IF(P45>=10,"Mid",IF(P45<10,"Low","invalid"))) -> Mid | R45: Unknown | S45: C | T45: =IF(S45="Q","Queenstown",IF(S45="C","Cherbourg",IF(S45="S","Southampton","Unknown"))) -> Cherbourg
A46: 45 | B46: 1 | C46: 3 | D46: Devaney | E46: Margaret Delia | F46: Miss | G46: =_xlfn.XLOOKUP(F46,notes!$B$12:$B$18,notes!$C$12:$C$18,"Unknown") -> Female | H46: 19 | I46: =_xlfn.XLOOKUP(H46,notes!$B$4:$B$8,notes!$C$4:$C$8,"Invalid",-1) -> Teenager | J46: 0 | K46: 0 | L46: =(J46+K46)+1 -> 1 | M46: =IF(B46=1,"Survived","Not Survived") -> Survived | N46: =_xlfn.XLOOKUP(L46,notes!$B$28:$B$30,notes!$C$28:$C$30,"Unknown",-1) -> Alone | O46: 330958 | P46: 7.8792 | Q46: =IF(P46>=50,"High",IF(P46>=10,"Mid",IF(P46<10,"Low","invalid"))) -> Low | R46: Unknown | S46: Q | T46: =IF(S46="Q","Queenstown",IF(S46="C","Cherbourg",IF(S46="S","Southampton","Unknown"))) -> Queenstown
A47: 46 | B47: 0 | C47: 3 | D47: Rogers | E47: William John | F47: Mr | G47: =_xlfn.XLOOKUP(F47,notes!$B$12:$B$18,notes!$C$12:$C$18,"Unknown") -> Male | H47: Unknown | I47: =_xlfn.XLOOKUP(H47,notes!$B$4:$B$8,notes!$C$4:$C$8,"Invalid",-1) -> Unknown | J47: 0 | K47: 0 | L47: =(J47+K47)+1 -> 1 | M47: =IF(B47=1,"Survived","Not Survived") -> Not Survived | N47: =_xlfn.XLOOKUP(L47,notes!$B$28:$B$30,notes!$C$28:$C$30,"Unknown",-1) -> Alone | O47: S.C./A.4. 23567 | P47: 8.05 | Q47: =IF(P47>=50,"High",IF(P47>=10,"Mid",IF(P47<10,"Low","invalid"))) -> Low | R47: Unknown | S47: S | T47: =IF(S47="Q","Queenstown",IF(S47="C","Cherbourg",IF(S47="S","Southampton","Unknown"))) -> Southampton
A48: 47 | B48: 0 | C48: 3 | D48: Lennon | E48: Denis | F48: Mr | G48: =_xlfn.XLOOKUP(F48,notes!$B$12:$B$18,notes!$C$12:$C$18,"Unknown") -> Male | H48: Unknown | I48: =_xlfn.XLOOKUP(H48,notes!$B$4:$B$8,notes!$C$4:$C$8,"Invalid",-1) -> Unknown | J48: 1 | K48: 0 | L48: =(J48+K48)+1 -> 2 | M48: =IF(B48=1,"Survived","Not Survived") -> Not Survived | N48: =_xlfn.XLOOKUP(L48,notes!$B$28:$B$30,notes!$C$28:$C$30,"Unknown",-1) -> Small Family | O48: 370371 | P48: 15.5 | Q48: =IF(P48>=50,"High",IF(P48>=10,"Mid",IF(P48<10,"Low","invalid"))) -> Mid | R48: Unknown | S48: Q | T48: =IF(S48="Q","Queenstown",IF(S48="C","Cherbourg",IF(S48="S","Southampton","Unknown"))) -> Queenstown
A49: 48 | B49: 1 | C49: 3 | D49: O'Driscoll | E49: Bridget | F49: Miss | G49: =_xlfn.XLOOKUP(F49,notes!$B$12:$B$18,notes!$C$12:$C$18,"Unknown") -> Female | H49: Unknown | I49: =_xlfn.XLOOKUP(H49,notes!$B$4:$B$8,notes!$C$4:$C$8,"Invalid",-1) -> Unknown | J49: 0 | K49: 0 | L49: =(J49+K49)+1 -> 1 | M49: =IF(B49=1,"Survived","Not Survived") -> Survived | N49: =_xlfn.XLOOKUP(L49,notes!$B$28:$B$30,notes!$C$28:$C$30,"Unknown",-1) -> Alone | O49: 14311 | P49: 7.75 | Q49: =IF(P49>=50,"High",IF(P49>=10,"Mid",IF(P49<10,"Low","invalid"))) -> Low | R49: Unknown | S49: Q | T49: =IF(S49="Q","Queenstown",IF(S49="C","Cherbourg",IF(S49="S","Southampton","Unknown"))) -> Queenstown
A50: 49 | B50: 0 | C50: 3 | D50: Samaan | E50: Youssef | F50: Mr | G50: =_xlfn.XLOOKUP(F50,notes!$B$12:$B$18,notes!$C$12:$C$18,"Unknown") -> Male | H50: Unknown | I50: =_xlfn.XLOOKUP(H50,notes!$B$4:$B$8,notes!$C$4:$C$8,"Invalid",-1) -> Unknown | J50: 2 | K50: 0 | L50: =(J50+K50)+1 -> 3 | M50: =IF(B50=1,"Survived","Not Survived") -> Not Survived | N50: =_xlfn.XLOOKUP(L50,notes!$B$28:$B$30,notes!$C$28:$C$30,"Unknown",-1) -> Small Family | O50: 2662 | P50: 21.6792 | Q50: =IF(P50>=50,"High",IF(P50>=10,"Mid",IF(P50<10,"Low","invalid"))) -> Mid | R50: Unknown | S50: C | T50: =IF(S50="Q","Queenstown",IF(S50="C","Cherbourg",IF(S50="S","Southampton","Unknown"))) -> Cherbourg
A51: 50 | B51: 0 | C51: 3 | D51: Arnold-Franchi | E51: Josef (Josefine Franchi) | F51: Mrs | G51: =_xlfn.XLOOKUP(F51,notes!$B$12:$B$18,notes!$C$12:$C$18,"Unknown") -> Female | H51: 18 | I51: =_xlfn.XLOOKUP(H51,notes!$B$4:$B$8,notes!$C$4:$C$8,"Invalid",-1) -> Teenager | J51: 1 | K51: 0 | L51: =(J51+K51)+1 -> 2 | M51: =IF(B51=1,"Survived","Not Survived") -> Not Survived | N51: =_xlfn.XLOOKUP(L51,notes!$B$28:$B$30,notes!$C$28:$C$30,"Unknown",-1) -> Small Family | O51: 349237 | P51: 17.8 | Q51: =IF(P51>=50,"High",IF(P51>=10,"Mid",IF(P51<10,"Low","invalid"))) -> Mid | R51: Unknown | S51: S | T51: =IF(S51="Q","Queenstown",IF(S51="C","Cherbourg",IF(S51="S","Southampton","Unknown"))) -> Southampton
A52: 51 | B52: 0 | C52: 3 | D52: Panula | E52: Juha Niilo | F52: Master | G52: =_xlfn.XLOOKUP(F52,notes!$B$12:$B$18,notes!$C$12:$C$18,"Unknown") -> Male | H52: 7 | I52: =_xlfn.XLOOKUP(H52,notes!$B$4:$B$8,notes!$C$4:$C$8,"Invalid",-1) -> Kid | J52: 4 | K52: 1 | L52: =(J52+K52)+1 -> 6 | M52: =IF(B52=1,"Survived","Not Survived") -> Not Survived | N52: =_xlfn.XLOOKUP(L52,notes!$B$28:$B$30,notes!$C$28:$C$30,"Unknown",-1) -> Large Family | O52: 3101295 | P52: 39.6875 | Q52: =IF(P52>=50,"High",IF(P52>=10,"Mid",IF(P52<10,"Low","invalid"))) -> Mid | R52: Unknown | S52: S | T52: =IF(S52="Q","Queenstown",IF(S52="C","Cherbourg",IF(S52="S","Southampton","Unknown"))) -> Southampton
A53: 52 | B53: 0 | C53: 3 | D53: Nosworthy | E53: Richard Cater | F53: Mr | G53: =_xlfn.XLOOKUP(F53,notes!$B$12:$B$18,notes!$C$12:$C$18,"Unknown") -> Male | H53: 21 | I53: =_xlfn.XLOOKUP(H53,notes!$B$4:$B$8,notes!$C$4:$C$8,"Invalid",-1) -> Adult | J53: 0 | K53: 0 | L53: =(J53+K53)+1 -> 1 | M53: =IF(B53=1,"Survived","Not Survived") -> Not Survived | N53: =_xlfn.XLOOKUP(L53,notes!$B$28:$B$30,notes!$C$28:$C$30,"Unknown",-1) -> Alone | O53: A/4. 39886 | P53: 7.8 | Q53: =IF(P53>=50,"High",IF(P53>=10,"Mid",IF(P53<10,"Low","invalid"))) -> Low | R53: Unknown | S53: S | T53: =IF(S53="Q","Queenstown",IF(S53="C","Cherbourg",IF(S53="S","Southampton","Unknown"))) -> Southampton
A54: 53 | B54: 1 | C54: 1 | D54: Harper | E54: Henry Sleeper (Myna Haxtun) | F54: Mrs | G54: =_xlfn.XLOOKUP(F54,notes!$B$12:$B$18,notes!$C$12:$C$18,"Unknown") -> Female | H54: 49 | I54: =_xlfn.XLOOKUP(H54,notes!$B$4:$B$8,notes!$C$4:$C$8,"Invalid",-1) -> Adult | J54: 1 | K54: 0 | L54: =(J54+K54)+1 -> 2 | M54: =IF(B54=1,"Survived","Not Survived") -> Survived | N54: =_xlfn.XLOOKUP(L54,notes!$B$28:$B$30,notes!$C$28:$C$30,"Unknown",-1) -> Small Family | O54: PC 17572 | P54: 76.7292 | Q54: =IF(P54>=50,"High",IF(P54>=10,"Mid",IF(P54<10,"Low","invalid"))) -> High | R54: D33 | S54: C | T54: =IF(S54="Q","Queenstown",IF(S54="C","Cherbourg",IF(S54="S","Southampton","Unknown"))) -> Cherbourg
A55: 54 | B55: 1 | C55: 2 | D55: Faunthorpe | E55: Lizzie (Elizabeth Anne Wilkinson) | F55: Mrs | G55: =_xlfn.XLOOKUP(F55,notes!$B$12:$B$18,notes!$C$12:$C$18,"Unknown") -> Female | H55: 29 | I55: =_xlfn.XLOOKUP(H55,notes!$B$4:$B$8,notes!$C$4:$C$8,"Invalid",-1) -> Adult | J55: 1 | K55: 0 | L55: =(J55+K55)+1 -> 2 | M55: =IF(B55=1,"Survived","Not Survived") -> Survived | N55: =_xlfn.XLOOKUP(L55,notes!$B$28:$B$30,notes!$C$28:$C$30,"Unknown",-1) -> Small Family | O55: 2926 | P55: 26 | Q55: =IF(P55>=50,"High",IF(P55>=10,"Mid",IF(P55<10,"Low","invalid"))) -> Mid | R55: Unknown | S55: S | T55: =IF(S55="Q","Queenstown",IF(S55="C","Cherbourg",IF(S55="S","Southampton","Unknown"))) -> Southampton
A56: 55 | B56: 0 | C56: 1 | D56: Ostby | E56: Engelhart Cornelius | F56: Mr | G56: =_xlfn.XLOOKUP(F56,notes!$B$12:$B$18,notes!$C$12:$C$18,"Unknown") -> Male | H56: 65 | I56: =_xlfn.XLOOKUP(H56,notes!$B$4:$B$8,notes!$C$4:$C$8,"Invalid",-1) -> Elderly | J56: 0 | K56: 1 | L56: =(J56+K56)+1 -> 2 | M56: =IF(B56=1,"Survived","Not Survived") -> Not Survived | N56: =_xlfn.XLOOKUP(L56,notes!$B$28:$B$30,notes!$C$28:$C$30,"Unknown",-1) -> Small Family | O56: 113509 | P56: 61.9792 | Q56: =IF(P56>=50,"High",IF(P56>=10,"Mid",IF(P56<10,"Low","invalid"))) -> High | R56: B30 | S56: C | T56: =IF(S56="Q","Queenstown",IF(S56="C","Cherbourg",IF(S56="S","Southampton","Unknown"))) -> Cherbourg
A57: 56 | B57: 1 | C57: 1 | D57: Woolner | E57: Hugh | F57: Mr | G57: =_xlfn.XLOOKUP(F57,notes!$B$12:$B$18,notes!$C$12:$C$18,"Unknown") -> Male | H57: Unknown | I57: =_xlfn.XLOOKUP(H57,notes!$B$4:$B$8,notes!$C$4:$C$8,"Invalid",-1) -> Unknown | J57: 0 | K57: 0 | L57: =(J57+K57)+1 -> 1 | M57: =IF(B57=1,"Survived","Not Survived") -> Survived | N57: =_xlfn.XLOOKUP(L57,notes!$B$28:$B$30,notes!$C$28:$C$30,"Unknown",-1) -> Alone | O57: 19947 | P57: 35.5 | Q57: =IF(P57>=50,"High",IF(P57>=10,"Mid",IF(P57<10,"Low","invalid"))) -> Mid | R57: C52 | S57: S | T57: =IF(S57="Q","Queenstown",IF(S57="C","Cherbourg",IF(S57="S","Southampton","Unknown"))) -> Southampton
A58: 57 | B58: 1 | C58: 2 | D58: Rugg | E58: Emily | F58: Miss | G58: =_xlfn.XLOOKUP(F58,notes!$B$12:$B$18,notes!$C$12:$C$18,"Unknown") -> Female | H58: 21 | I58: =_xlfn.XLOOKUP(H58,notes!$B$4:$B$8,notes!$C$4:$C$8,"Invalid",-1) -> Adult | J58: 0 | K58: 0 | L58: =(J58+K58)+1 -> 1 | M58: =IF(B58=1,"Survived","Not Survived") -> Survived | N58: =_xlfn.XLOOKUP(L58,notes!$B$28:$B$30,notes!$C$28:$C$30,"Unknown",-1) -> Alone | O58: C.A. 31026 | P58: 10.5 | Q58: =IF(P58>=50,"High",IF(P58>=10,"Mid",IF(P58<10,"Low","invalid"))) -> Mid | R58: Unknown | S58: S | T58: =IF(S58="Q","Queenstown",IF(S58="C","Cherbourg",IF(S58="S","Southampton","Unknown"))) -> Southampton
A59: 58 | B59: 0 | C59: 3 | D59: Novel | E59: Mansouer | F59: Mr | G59: =_xlfn.XLOOKUP(F59,notes!$B$12:$B$18,notes!$C$12:$C$18,"Unknown") -> Male | H59: 28.5 | I59: =_xlfn.XLOOKUP(H59,notes!$B$4:$B$8,notes!$C$4:$C$8,"Invalid",-1) -> Adult | J59: 0 | K59: 0 | L59: =(J59+K59)+1 -> 1 | M59: =IF(B59=1,"Survived","Not Survived") -> Not Survived | N59: =_xlfn.XLOOKUP(L59,notes!$B$28:$B$30,notes!$C$28:$C$30,"Unknown",-1) -> Alone | O59: 2697 | P59: 7.2292 | Q59: =IF(P59>=50,"High",IF(P59>=10,"Mid",IF(P59<10,"Low","invalid"))) -> Low | R59: Unknown | S59: C | T59: =IF(S59="Q","Queenstown",IF(S59="C","Cherbourg",IF(S59="S","Southampton","Unknown"))) -> Cherbourg
A60: 59 | B60: 1 | C60: 2 | D60: West | E60: Constance Mirium | F60: Miss | G60: =_xlfn.XLOOKUP(F60,notes!$B$12:$B$18,notes!$C$12:$C$18,"Unknown") -> Female | H60: 5 | I60: =_xlfn.XLOOKUP(H60,notes!$B$4:$B$8,notes!$C$4:$C$8,"Invalid",-1) -> Kid | J60: 1 | K60: 2 | L60: =(J60+K60)+1 -> 4 | M60: =IF(B60=1,"Survived","Not Survived") -> Survived | N60: =_xlfn.XLOOKUP(L60,notes!$B$28:$B$30,notes!$C$28:$C$30,"Unknown",-1) -> Large Family | O60: C.A. 34651 | P60: 27.75 | Q60: =IF(P60>=50,"High",IF(P60>=10,"Mid",IF(P60<10,"Low","invalid"))) -> Mid | R60: Unknown | S60: S | T60: =IF(S60="Q","Queenstown",IF(S60="C","Cherbourg",IF(S60="S","Southampton","Unknown"))) -> Southampton
A61: 60 | B61: 0 | C61: 3 | D61: Goodwin | E61: William Frederick | F61: Master | G61: =_xlfn.XLOOKUP(F61,notes!$B$12:$B$18,notes!$C$12:$C$18,"Unknown") -> Male | H61: 11 | I61: =_xlfn.XLOOKUP(H61,notes!$B$4:$B$8,notes!$C$4:$C$8,"Invalid",-1) -> Kid | J61: 5 | K61: 2 | L61: =(J61+K61)+1 -> 8 | M61: =IF(B61=1,"Survived","Not Survived") -> Not Survived | N61: =_xlfn.XLOOKUP(L61,notes!$B$28:$B$30,notes!$C$28:$C$30,"Unknown",-1) -> Large Family | O61: CA 2144 | P61: 46.9 | Q61: =IF(P61>=50,"High",IF(P61>=10,"Mid",IF(P61<10,"Low","invalid"))) -> Mid | R61: Unknown | S61: S | T61: =IF(S61="Q","Queenstown",IF(S61="C","Cherbourg",IF(S61="S","Southampton","Unknown"))) -> Southampton
A62: 61 | B62: 0 | C62: 3 | D62: Sirayanian | E62: Orsen | F62: Mr | G62: =_xlfn.XLOOKUP(F62,notes!$B$12:$B$18,notes!$C$12:$C$18,"Unknown") -> Male | H62: 22 | I62: =_xlfn.XLOOKUP(H62,notes!$B$4:$B$8,notes!$C$4:$C$8,"Invalid",-1) -> Adult | J62: 0 | K62: 0 | L62: =(J62+K62)+1 -> 1 | M62: =IF(B62=1,"Survived","Not Survived") -> Not Survived | N62: =_xlfn.XLOOKUP(L62,notes!$B$28:$B$30,notes!$C$28:$C$30,"Unknown",-1) -> Alone | O62: 2669 | P62: 7.2292 | Q62: =IF(P62>=50,"High",IF(P62>=10,"Mid",IF(P62<10,"Low","invalid"))) -> Low | R62: Unknown | S62: C | T62: =IF(S62="Q","Queenstown",IF(S62="C","Cherbourg",IF(S62="S","Southampton","Unknown"))) -> Cherbourg
A63: 62 | B63: 1 | C63: 1 | D63: Icard | E63: Amelie | F63: Miss | G63: =_xlfn.XLOOKUP(F63,notes!$B$12:$B$18,notes!$C$12:$C$18,"Unknown") -> Female | H63: 38 | I63: =_xlfn.XLOOKUP(H63,notes!$B$4:$B$8,notes!$C$4:$C$8,"Invalid",-1) -> Adult | J63: 0 | K63: 0 | L63: =(J63+K63)+1 -> 1 | M63: =IF(B63=1,"Survived","Not Survived") -> Survived | N63: =_xlfn.XLOOKUP(L63,notes!$B$28:$B$30,notes!$C$28:$C$30,"Unknown",-1) -> Alone | O63: 113572 | P63: 80 | Q63: =IF(P63>=50,"High",IF(P63>=10,"Mid",IF(P63<10,"Low","invalid"))) -> High | R63: B28 | S63: Unknown | T63: =IF(S63="Q","Queenstown",IF(S63="C","Cherbourg",IF(S63="S","Southampton","Unknown"))) -> Unknown
A64: 63 | B64: 0 | C64: 1 | D64: Harris | E64: Henry Birkhardt | F64: Mr | G64: =_xlfn.XLOOKUP(F64,notes!$B$12:$B$18,notes!$C$12:$C$18,"Unknown") -> Male | H64: 45 | I64: =_xlfn.XLOOKUP(H64,notes!$B$4:$B$8,notes!$C$4:$C$8,"Invalid",-1) -> Adult | J64: 1 | K64: 0 | L64: =(J64+K64)+1 -> 2 | M64: =IF(B64=1,"Survived","Not Survived") -> Not Survived | N64: =_xlfn.XLOOKUP(L64,notes!$B$28:$B$30,notes!$C$28:$C$30,"Unknown",-1) -> Small Family | O64: 36973 | P64: 83.475 | Q64: =IF(P64>=50,"High",IF(P64>=10,"Mid",IF(P64<10,"Low","invalid"))) -> High | R64: C83 | S64: S | T64: =IF(S64="Q","Queenstown",IF(S64="C","Cherbourg",IF(S64="S","Southampton","Unknown"))) -> Southampton
A65: 64 | B65: 0 | C65: 3 | D65: Skoog | E65: Harald | F65: Master | G65: =_xlfn.XLOOKUP(F65,notes!$B$12:$B$18,notes!$C$12:$C$18,"Unknown") -> Male | H65: 4 | I65: =_xlfn.XLOOKUP(H65,notes!$B$4:$B$8,notes!$C$4:$C$8,"Invalid",-1) -> Kid | J65: 3 | K65: 2 | L65: =(J65+K65)+1 -> 6 | M65: =IF(B65=1,"Survived","Not Survived") -> Not Survived | N65: =_xlfn.XLOOKUP(L65,notes!$B$28:$B$30,notes!$C$28:$C$30,"Unknown",-1) -> Large Family | O65: 347088 | P65: 27.9 | Q65: =IF(P65>=50,"High",IF(P65>=10,"Mid",IF(P65<10,"Low","invalid"))) -> Mid | R65: Unknown | S65: S | T65: =IF(S65="Q","Queenstown",IF(S65="C","Cherbourg",IF(S65="S","Southampton","Unknown"))) -> Southampton
A66: 65 | B66: 0 | C66: 1 | D66: Stewart | E66: Albert A | F66: Mr | G66: =_xlfn.XLOOKUP(F66,notes!$B$12:$B$18,notes!$C$12:$C$18,"Unknown") -> Male | H66: Unknown | I66: =_xlfn.XLOOKUP(H66,notes!$B$4:$B$8,notes!$C$4:$C$8,"Invalid",-1) -> Unknown | J66: 0 | K66: 0 | L66: =(J66+K66)+1 -> 1 | M66: =IF(B66=1,"Survived","Not Survived") -> Not Survived | N66: =_xlfn.XLOOKUP(L66,notes!$B$28:$B$30,notes!$C$28:$C$30,"Unknown",-1) -> Alone | O66: PC 17605 | P66: 27.7208 | Q66: =IF(P66>=50,"High",IF(P66>=10,"Mid",IF(P66<10,"Low","invalid"))) -> Mid | R66: Unknown | S66: C | T66: =IF(S66="Q","Queenstown",IF(S66="C","Cherbourg",IF(S66="S","Southampton","Unknown"))) -> Cherbourg
A67: 66 | B67: 1 | C67: 3 | D67: Moubarek | E67: Gerios | F67: Master | G67: =_xlfn.XLOOKUP(F67,notes!$B$12:$B$18,notes!$C$12:$C$18,"Unknown") -> Male | H67: Unknown | I67: =_xlfn.XLOOKUP(H67,notes!$B$4:$B$8,notes!$C$4:$C$8,"Invalid",-1) -> Unknown | J67: 1 | K67: 1 | L67: =(J67+K67)+1 -> 3 | M67: =IF(B67=1,"Survived","Not Survived") -> Survived | N67: =_xlfn.XLOOKUP(L67,notes!$B$28:$B$30,notes!$C$28:$C$30,"Unknown",-1) -> Small Family | O67: 2661 | P67: 15.2458 | Q67: =IF(P67>=50,"High",IF(P67>=10,"Mid",IF(P67<10,"Low","invalid"))) -> Mid | R67: Unknown | S67: C | T67: =IF(S67="Q","Queenstown",IF(S67="C","Cherbourg",IF(S67="S","Southampton","Unknown"))) -> Cherbourg
A68: 67 | B68: 1 | C68: 2 | D68: Nye | E68: (Elizabeth Ramell) | F68: Mrs | G68: =_xlfn.XLOOKUP(F68,notes!$B$12:$B$18,notes!$C$12:$C$18,"Unknown") -> Female | H68: 29 | I68: =_xlfn.XLOOKUP(H68,notes!$B$4:$B$8,notes!$C$4:$C$8,"Invalid",-1) -> Adult | J68: 0 | K68: 0 | L68: =(J68+K68)+1 -> 1 | M68: =IF(B68=1,"Survived","Not Survived") -> Survived | N68: =_xlfn.XLOOKUP(L68,notes!$B$28:$B$30,notes!$C$28:$C$30,"Unknown",-1) -> Alone | O68: C.A. 29395 | P68: 10.5 | Q68: =IF(P68>=50,"High",IF(P68>=10,"Mid",IF(P68<10,"Low","invalid"))) -> Mid | R68: F33 | S68: S | T68: =IF(S68="Q","Queenstown",IF(S68="C","Cherbourg",IF(S68="S","Southampton","Unknown"))) -> Southampton
A69: 68 | B69: 0 | C69: 3 | D69: Crease | E69: Ernest James | F69: Mr | G69: =_xlfn.XLOOKUP(F69,notes!$B$12:$B$18,notes!$C$12:$C$18,"Unknown") -> Male | H69: 19 | I69: =_xlfn.XLOOKUP(H69,notes!$B$4:$B$8,notes!$C$4:$C$8,"Invalid",-1) -> Teenager | J69: 0 | K69: 0 | L69: =(J69+K69)+1 -> 1 | M69: =IF(B69=1,"Survived","Not Survived") -> Not Survived | N69: =_xlfn.XLOOKUP(L69,notes!$B$28:$B$30,notes!$C$28:$C$30,"Unknown",-1) -> Alone | O69: S.P. 3464 | P69: 8.1583 | Q69: =IF(P69>=50,"High",IF(P69>=10,"Mid",IF(P69<10,"Low","invalid"))) -> Low | R69: Unknown | S69: S | T69: =IF(S69="Q","Queenstown",IF(S69="C","Cherbourg",IF(S69="S","Southampton","Unknown"))) -> Southampton
A70: 69 | B70: 1 | C70: 3 | D70: Andersson | E70: Erna Alexandra | F70: Miss | G70: =_xlfn.XLOOKUP(F70,notes!$B$12:$B$18,notes!$C$12:$C$18,"Unknown") -> Female | H70: 17 | I70: =_xlfn.XLOOKUP(H70,notes!$B$4:$B$8,notes!$C$4:$C$8,"Invalid",-1) -> Teenager | J70: 4 | K70: 2 | L70: =(J70+K70)+1 -> 7 | M70: =IF(B70=1,"Survived","Not Survived") -> Survived | N70: =_xlfn.XLOOKUP(L70,notes!$B$28:$B$30,notes!$C$28:$C$30,"Unknown",-1) -> Large Family | O70: 3101281 | P70: 7.925 | Q70: =IF(P70>=50,"High",IF(P70>=10,"Mid",IF(P70<10,"Low","invalid"))) -> Low | R70: Unknown | S70: S | T70: =IF(S70="Q","Queenstown",IF(S70="C","Cherbourg",IF(S70="S","Southampton","Unknown"))) -> Southampton
A71: 70 | B71: 0 | C71: 3 | D71: Kink | E71: Vincenz | F71: Mr | G71: =_xlfn.XLOOKUP(F71,notes!$B$12:$B$18,notes!$C$12:$C$18,"Unknown") -> Male | H71: 26 | I71: =_xlfn.XLOOKUP(H71,notes!$B$4:$B$8,notes!$C$4:$C$8,"Invalid",-1) -> Adult | J71: 2 | K71: 0 | L71: =(J71+K71)+1 -> 3 | M71: =IF(B71=1,"Survived","Not Survived") -> Not Survived | N71: =_xlfn.XLOOKUP(L71,notes!$B$28:$B$30,notes!$C$28:$C$30,"Unknown",-1) -> Small Family | O71: 315151 | P71: 8.6625 | Q71: =IF(P71>=50,"High",IF(P71>=10,"Mid",IF(P71<10,"Low","invalid"))) -> Low | R71: Unknown | S71: S | T71: =IF(S71="Q","Queenstown",IF(S71="C","Cherbourg",IF(S71="S","Southampton","Unknown"))) -> Southampton
A72: 71 | B72: 0 | C72: 2 | D72: Jenkin | E72: Stephen Curnow | F72: Mr | G72: =_xlfn.XLOOKUP(F72,notes!$B$12:$B$18,notes!$C$12:$C$18,"Unknown") -> Male | H72: 32 | I72: =_xlfn.XLOOKUP(H72,notes!$B$4:$B$8,notes!$C$4:$C$8,"Invalid",-1) -> Adult | J72: 0 | K72: 0 | L72: =(J72+K72)+1 -> 1 | M72: =IF(B72=1,"Survived","Not Survived") -> Not Survived | N72: =_xlfn.XLOOKUP(L72,notes!$B$28:$B$30,notes!$C$28:$C$30,"Unknown",-1) -> Alone | O72: C.A. 33111 | P72: 10.5 | Q72: =IF(P72>=50,"High",IF(P72>=10,"Mid",IF(P72<10,"Low","invalid"))) -> Mid | R72: Unknown | S72: S | T72: =IF(S72="Q","Queenstown",IF(S72="C","Cherbourg",IF(S72="S","Southampton","Unknown"))) -> Southampton
A73: 72 | B73: 0 | C73: 3 | D73: Goodwin | E73: Lillian Amy | F73: Miss | G73: =_xlfn.XLOOKUP(F73,notes!$B$12:$B$18,notes!$C$12:$C$18,"Unknown") -> Female | H73: 16 | I73: =_xlfn.XLOOKUP(H73,notes!$B$4:$B$8,notes!$C$4:$C$8,"Invalid",-1) -> Teenager | J73: 5 | K73: 2 | L73: =(J73+K73)+1 -> 8 | M73: =IF(B73=1,"Survived","Not Survived") -> Not Survived | N73: =_xlfn.XLOOKUP(L73,notes!$B$28:$B$30,notes!$C$28:$C$30,"Unknown",-1) -> Large Family | O73: CA 2144 | P73: 46.9 | Q73: =IF(P73>=50,"High",IF(P73>=10,"Mid",IF(P73<10,"Low","invalid"))) -> Mid | R73: Unknown | S73: S | T73: =IF(S73="Q","Queenstown",IF(S73="C","Cherbourg",IF(S73="S","Southampton","Unknown"))) -> Southampton
A74: 73 | B74: 0 | C74: 2 | D74: Hood | E74: Ambrose Jr | F74: Mr | G74: =_xlfn.XLOOKUP(F74,notes!$B$12:$B$18,notes!$C$12:$C$18,"Unknown") -> Male | H74: 21 | I74: =_xlfn.XLOOKUP(H74,notes!$B$4:$B$8,notes!$C$4:$C$8,"Invalid",-1) -> Adult | J74: 0 | K74: 0 | L74: =(J74+K74)+1 -> 1 | M74: =IF(B74=1,"Survived","Not Survived") -> Not Survived | N74: =_xlfn.XLOOKUP(L74,notes!$B$28:$B$30,notes!$C$28:$C$30,"Unknown",-1) -> Alone | O74: S.O.C. 14879 | P74: 73.5 | Q74: =IF(P74>=50,"High",IF(P74>=10,"Mid",IF(P74<10,"Low","invalid"))) -> High | R74: Unknown | S74: S | T74: =IF(S74="Q","Queenstown",IF(S74="C","Cherbourg",IF(S74="S","Southampton","Unknown"))) -> Southampton
A75: 74 | B75: 0 | C75: 3 | D75: Chronopoulos | E75: Apostolos | F75: Mr | G75: =_xlfn.XLOOKUP(F75,notes!$B$12:$B$18,notes!$C$12:$C$18,"Unknown") -> Male | H75: 26 | I75: =_xlfn.XLOOKUP(H75,notes!$B$4:$B$8,notes!$C$4:$C$8,"Invalid",-1) -> Adult | J75: 1 | K75: 0 | L75: =(J75+K75)+1 -> 2 | M75: =IF(B75=1,"Survived","Not Survived") -> Not Survived | N75: =_xlfn.XLOOKUP(L75,notes!$B$28:$B$30,notes!$C$28:$C$30,"Unknown",-1) -> Small Family | O75: 2680 | P75: 14.4542 | Q75: =IF(P75>=50,"High",IF(P75>=10,"Mid",IF(P75<10,"Low","invalid"))) -> Mid | R75: Unknown | S75: C | T75: =IF(S75="Q","Queenstown",IF(S75="C","Cherbourg",IF(S75="S","Southampton","Unknown"))) -> Cherbourg
A76: 75 | B76: 1 | C76: 3 | D76: Bing | E76: Lee | F76: Mr | G76: =_xlfn.XLOOKUP(F76,notes!$B$12:$B$18,notes!$C$12:$C$18,"Unknown") -> Male | H76: 32 | I76: =_xlfn.XLOOKUP(H76,notes!$B$4:$B$8,notes!$C$4:$C$8,"Invalid",-1) -> Adult | J76: 0 | K76: 0 | L76: =(J76+K76)+1 -> 1 | M76: =IF(B76=1,"Survived","Not Survived") -> Survived | N76: =_xlfn.XLOOKUP(L76,notes!$B$28:$B$30,notes!$C$28:$C$30,"Unknown",-1) -> Alone | O76: 1601 | P76: 56.4958 | Q76: =IF(P76>=50,"High",IF(P76>=10,"Mid",IF(P76<10,"Low","invalid"))) -> High | R76: Unknown | S76: S | T76: =IF(S76="Q","Queenstown",IF(S76="C","Cherbourg",IF(S76="S","Southampton","Unknown"))) -> Southampton
A77: 76 | B77: 0 | C77: 3 | D77: Moen | E77: Sigurd Hansen | F77: Mr | G77: =_xlfn.XLOOKUP(F77,notes!$B$12:$B$18,notes!$C$12:$C$18,"Unknown") -> Male | H77: 25 | I77: =_xlfn.XLOOKUP(H77,notes!$B$4:$B$8,notes!$C$4:$C$8,"Invalid",-1) -> Adult | J77: 0 | K77: 0 | L77: =(J77+K77)+1 -> 1 | M77: =IF(B77=1,"Survived","Not Survived") -> Not Survived | N77: =_xlfn.XLOOKUP(L77,notes!$B$28:$B$30,notes!$C$28:$C$30,"Unknown",-1) -> Alone | O77: 348123 | P77: 7.65 | Q77: =IF(P77>=50,"High",IF(P77>=10,"Mid",IF(P77<10,"Low","invalid"))) -> Low | R77: F G73 | S77: S | T77: =IF(S77="Q","Queenstown",IF(S77="C","Cherbourg",IF(S77="S","Southampton","Unknown"))) -> Southampton
A78: 77 | B78: 0 | C78: 3 | D78: Staneff | E78: Ivan | F78: Mr | G78: =_xlfn.XLOOKUP(F78,notes!$B$12:$B$18,notes!$C$12:$C$18,"Unknown") -> Male | H78: Unknown | I78: =_xlfn.XLOOKUP(H78,notes!$B$4:$B$8,notes!$C$4:$C$8,"Invalid",-1) -> Unknown | J78: 0 | K78: 0 | L78: =(J78+K78)+1 -> 1 | M78: =IF(B78=1,"Survived","Not Survived") -> Not Survived | N78: =_xlfn.XLOOKUP(L78,notes!$B$28:$B$30,notes!$C$28:$C$30,"Unknown",-1) -> Alone | O78: 349208 | P78: 7.8958 | Q78: =IF(P78>=50,"High",IF(P78>=10,"Mid",IF(P78<10,"Low","invalid"))) -> Low | R78: Unknown | S78: S | T78: =IF(S78="Q","Queenstown",IF(S78="C","Cherbourg",IF(S78="S","Southampton","Unknown"))) -> Southampton
A79: 78 | B79: 0 | C79: 3 | D79: Moutal | E79: Rahamin Haim | F79: Mr | G79: =_xlfn.XLOOKUP(F79,notes!$B$12:$B$18,notes!$C$12:$C$18,"Unknown") -> Male | H79: Unknown | I79: =_xlfn.XLOOKUP(H79,notes!$B$4:$B$8,notes!$C$4:$C$8,"Invalid",-1) -> Unknown | J79: 0 | K79: 0 | L79: =(J79+K79)+1 -> 1 | M79: =IF(B79=1,"Survived","Not Survived") -> Not Survived | N79: =_xlfn.XLOOKUP(L79,notes!$B$28:$B$30,notes!$C$28:$C$30,"Unknown",-1) -> Alone | O79: 374746 | P79: 8.05 | Q79: =IF(P79>=50,"High",IF(P79>=10,"Mid",IF(P79<10,"Low","invalid"))) -> Low | R79: Unknown | S79: S | T79: =IF(S79="Q","Queenstown",IF(S79="C","Cherbourg",IF(S79="S","Southampton","Unknown"))) -> Southampton
A80: 79 | B80: 1 | C80: 2 | D80: Caldwell | E80: Alden Gates | F80: Master | G80: =_xlfn.XLOOKUP(F80,notes!$B$12:$B$18,notes!$C$12:$C$18,"Unknown") -> Male | H80: 0.83 | I80: =_xlfn.XLOOKUP(H80,notes!$B$4:$B$8,notes!$C$4:$C$8,"Invalid",-1) -> Kid | J80: 0 | K80: 2 | L80: =(J80+K80)+1 -> 3 | M80: =IF(B80=1,"Survived","Not Survived") -> Survived | N80: =_xlfn.XLOOKUP(L80,notes!$B$28:$B$30,notes!$C$28:$C$30,"Unknown",-1) -> Small Family | O80: 248738 | P80: 29 | Q80: =IF(P80>=50,"High",IF(P80>=10,"Mid",IF(P80<10,"Low","invalid"))) -> Mid | R80: Unknown | S80: S | T80: =IF(S80="Q","Queenstown",IF(S80="C","Cherbourg",IF(S80="S","Southampton","Unknown"))) -> Southampton
A81: 80 | B81: 1 | C81: 3 | D81: Dowdell | E81: Elizabeth | F81: Miss | G81: =_xlfn.XLOOKUP(F81,notes!$B$12:$B$18,notes!$C$12:$C$18,"Unknown") -> Female | H81: 30 | I81: =_xlfn.XLOOKUP(H81,notes!$B$4:$B$8,notes!$C$4:$C$8,"Invalid",-1) -> Adult | J81: 0 | K81: 0 | L81: =(J81+K81)+1 -> 1 | M81: =IF(B81=1,"Survived","Not Survived") -> Survived | N81: =_xlfn.XLOOKUP(L81,notes!$B$28:$B$30,notes!$C$28:$C$30,"Unknown",-1) -> Alone | O81: 364516 | P81: 12.475 | Q81: =IF(P81>=50,"High",IF(P81>=10,"Mid",IF(P81<10,"Low","invalid"))) -> Mid | R81: Unknown | S81: S | T81: =IF(S81="Q","Queenstown",IF(S81="C","Cherbourg",IF(S81="S","Southampton","Unknown"))) -> Southampton
A82: 81 | B82: 0 | C82: 3 | D82: Waelens | E82: Achille | F82: Mr | G82: =_xlfn.XLOOKUP(F82,notes!$B$12:$B$18,notes!$C$12:$C$18,"Unknown") -> Male | H82: 22 | I82: =_xlfn.XLOOKUP(H82,notes!$B$4:$B$8,notes!$C$4:$C$8,"Invalid",-1) -> Adult | J82: 0 | K82: 0 | L82: =(J82+K82)+1 -> 1 | M82: =IF(B82=1,"Survived","Not Survived") -> Not Survived | N82: =_xlfn.XLOOKUP(L82,notes!$B$28:$B$30,notes!$C$28:$C$30,"Unknown",-1) -> Alone | O82: 345767 | P82: 9 | Q82: =IF(P82>=50,"High",IF(P82>=10,"Mid",IF(P82<10,"Low","invalid"))) -> Low | R82: Unknown | S82: S | T82: =IF(S82="Q","Queenstown",IF(S82="C","Cherbourg",IF(S82="S","Southampton","Unknown"))) -> Southampton
A83: 82 | B83: 1 | C83: 3 | D83: Sheerlinck | E83: Jan Baptist | F83: Mr | G83: =_xlfn.XLOOKUP(F83,notes!$B$12:$B$18,notes!$C$12:$C$18,"Unknown") -> Male | H83: 29 | I83: =_xlfn.XLOOKUP(H83,notes!$B$4:$B$8,notes!$C$4:$C$8,"Invalid",-1) -> Adult | J83: 0 | K83: 0 | L83: =(J83+K83)+1 -> 1 | M83: =IF(B83=1,"Survived","Not Survived") -> Survived | N83: =_xlfn.XLOOKUP(L83,notes!$B$28:$B$30,notes!$C$28:$C$30,"Unknown",-1) -> Alone | O83: 345779 | P83: 9.5 | Q83: =IF(P83>=50,"High",IF(P83>=10,"Mid",IF(P83<10,"Low","invalid"))) -> Low | R83: Unknown | S83: S | T83: =IF(S83="Q","Queenstown",IF(S83="C","Cherbourg",IF(S83="S","Southampton","Unknown"))) -> Southampton
A84: 83 | B84: 1 | C84: 3 | D84: McDermott | E84: Brigdet Delia | F84: Miss | G84: =_xlfn.XLOOKUP(F84,notes!$B$12:$B$18,notes!$C$12:$C$18,"Unknown") -> Female | H84: Unknown | I84: =_xlfn.XLOOKUP(H84,notes!$B$4:$B$8,notes!$C$4:$C$8,"Invalid",-1) -> Unknown | J84: 0 | K84: 0 | L84: =(J84+K84)+1 -> 1 | M84: =IF(B84=1,"Survived","Not Survived") -> Survived | N84: =_xlfn.XLOOKUP(L84,notes!$B$28:$B$30,notes!$C$28:$C$30,"Unknown",-1) -> Alone | O84: 330932 | P84: 7.7875 | Q84: =IF(P84>=50,"High",IF(P84>=10,"Mid",IF(P84<10,"Low","invalid"))) -> Low | R84: Unknown | S84: Q | T84: =IF(S84="Q","Queenstown",IF(S84="C","Cherbourg",IF(S84="S","Southampton","Unknown"))) -> Queenstown
A85: 84 | B85: 0 | C85: 1 | D85: Carrau | E85: Francisco M | F85: Mr | G85: =_xlfn.XLOOKUP(F85,notes!$B$12:$B$18,notes!$C$12:$C$18,"Unknown") -> Male | H85: 28 | I85: =_xlfn.XLOOKUP(H85,notes!$B$4:$B$8,notes!$C$4:$C$8,"Invalid",-1) -> Adult | J85: 0 | K85: 0 | L85: =(J85+K85)+1 -> 1 | M85: =IF(B85=1,"Survived","Not Survived") -> Not Survived | N85: =_xlfn.XLOOKUP(L85,notes!$B$28:$B$30,notes!$C$28:$C$30,"Unknown",-1) -> Alone | O85: 113059 | P85: 47.1 | Q85: =IF(P85>=50,"High",IF(P85>=10,"Mid",IF(P85<10,"Low","invalid"))) -> Mid | R85: Unknown | S85: S | T85: =IF(S85="Q","Queenstown",IF(S85="C","Cherbourg",IF(S85="S","Southampton","Unknown"))) -> Southampton
A86: 85 | B86: 1 | C86: 2 | D86: Ilett | E86: Bertha | F86: Miss | G86: =_xlfn.XLOOKUP(F86,notes!$B$12:$B$18,notes!$C$12:$C$18,"Unknown") -> Female | H86: 17 | I86: =_xlfn.XLOOKUP(H86,notes!$B$4:$B$8,notes!$C$4:$C$8,"Invalid",-1) -> Teenager | J86: 0 | K86: 0 | L86: =(J86+K86)+1 -> 1 | M86: =IF(B86=1,"Survived","Not Survived") -> Survived | N86: =_xlfn.XLOOKUP(L86,notes!$B$28:$B$30,notes!$C$28:$C$30,"Unknown",-1) -> Alone | O86: SO/C 14885 | P86: 10.5 | Q86: =IF(P86>=50,"High",IF(P86>=10,"Mid",IF(P86<10,"Low","invalid"))) -> Mid | R86: Unknown | S86: S | T86: =IF(S86="Q","Queenstown",IF(S86="C","Cherbourg",IF(S86="S","Southampton","Unknown"))) -> Southampton
A87: 86 | B87: 1 | C87: 3 | D87: Backstrom | E87: Karl Alfred (Maria Mathilda Gustafsson) | F87: Mrs | G87: =_xlfn.XLOOKUP(F87,notes!$B$12:$B$18,notes!$C$12:$C$18,"Unknown") -> Female | H87: 33 | I87: =_xlfn.XLOOKUP(H87,notes!$B$4:$B$8,notes!$C$4:$C$8,"Invalid",-1) -> Adult | J87: 3 | K87: 0 | L87: =(J87+K87)+1 -> 4 | M87: =IF(B87=1,"Survived","Not Survived") -> Survived | N87: =_xlfn.XLOOKUP(L87,notes!$B$28:$B$30,notes!$C$28:$C$30,"Unknown",-1) -> Large Family | O87: 3101278 | P87: 15.85 | Q87: =IF(P87>=50,"High",IF(P87>=10,"Mid",IF(P87<10,"Low","invalid"))) -> Mid | R87: Unknown | S87: S | T87: =IF(S87="Q","Queenstown",IF(S87="C","Cherbourg",IF(S87="S","Southampton","Unknown"))) -> Southampton
A88: 87 | B88: 0 | C88: 3 | D88: Ford | E88: William Neal | F88: Mr | G88: =_xlfn.XLOOKUP(F88,notes!$B$12:$B$18,notes!$C$12:$C$18,"Unknown") -> Male | H88: 16 | I88: =_xlfn.XLOOKUP(H88,notes!$B$4:$B$8,notes!$C$4:$C$8,"Invalid",-1) -> Teenager | J88: 1 | K88: 3 | L88: =(J88+K88)+1 -> 5 | M88: =IF(B88=1,"Survived","Not Survived") -> Not Survived | N88: =_xlfn.XLOOKUP(L88,notes!$B$28:$B$30,notes!$C$28:$C$30,"Unknown",-1) -> Large Family | O88: W./C. 6608 | P88: 34.375 | Q88: =IF(P88>=50,"High",IF(P88>=10,"Mid",IF(P88<10,"Low","invalid"))) -> Mid | R88: Unknown | S88: S | T88: =IF(S88="Q","Queenstown",IF(S88="C","Cherbourg",IF(S88="S","Southampton","Unknown"))) -> Southampton
A89: 88 | B89: 0 | C89: 3 | D89: Slocovski | E89: Selman Francis | F89: Mr | G89: =_xlfn.XLOOKUP(F89,notes!$B$12:$B$18,notes!$C$12:$C$18,"Unknown") -> Male | H89: Unknown | I89: =_xlfn.XLOOKUP(H89,notes!$B$4:$B$8,notes!$C$4:$C$8,"Invalid",-1) -> Unknown | J89: 0 | K89: 0 | L89: =(J89+K89)+1 -> 1 | M89: =IF(B89=1,"Survived","Not Survived") -> Not Survived | N89: =_xlfn.XLOOKUP(L89,notes!$B$28:$B$30,notes!$C$28:$C$30,"Unknown",-1) -> Alone | O89: SOTON/OQ 392086 | P89: 8.05 | Q89: =IF(P89>=50,"High",IF(P89>=10,"Mid",IF(P89<10,"Low","invalid"))) -> Low | R89: Unknown | S89: S | T89: =IF(S89="Q","Queenstown",IF(S89="C","Cherbourg",IF(S89="S","Southampton","Unknown"))) -> Southampton
A90: 89 | B90: 1 | C90: 1 | D90: Fortune | E90: Mabel Helen | F90: Miss | G90: =_xlfn.XLOOKUP(F90,notes!$B$12:$B$18,notes!$C$12:$C$18,"Unknown") -> Female | H90: 23 | I90: =_xlfn.XLOOKUP(H90,notes!$B$4:$B$8,notes!$C$4:$C$8,"Invalid",-1) -> Adult | J90: 3 | K90: 2 | L90: =(J90+K90)+1 -> 6 | M90: =IF(B90=1,"Survived","Not Survived") -> Survived | N90: =_xlfn.XLOOKUP(L90,notes!$B$28:$B$30,notes!$C$28:$C$30,"Unknown",-1) -> Large Family | O90: 19950 | P90: 263 | Q90: =IF(P90>=50,"High",IF(P90>=10,"Mid",IF(P90<10,"Low","invalid"))) -> High | R90: C23 C25 C27 | S90: S | T90: =IF(S90="Q","Queenstown",IF(S90="C","Cherbourg",IF(S90="S","Southampton","Unknown"))) -> Southampton
A91: 90 | B91: 0 | C91: 3 | D91: Celotti | E91: Francesco | F91: Mr | G91: =_xlfn.XLOOKUP(F91,notes!$B$12:$B$18,notes!$C$12:$C$18,"Unknown") -> Male | H91: 24 | I91: =_xlfn.XLOOKUP(H91,notes!$B$4:$B$8,notes!$C$4:$C$8,"Invalid",-1) -> Adult | J91: 0 | K91: 0 | L91: =(J91+K91)+1 -> 1 | M91: =IF(B91=1,"Survived","Not Survived") -> Not Survived | N91: =_xlfn.XLOOKUP(L91,notes!$B$28:$B$30,notes!$C$28:$C$30,"Unknown",-1) -> Alone | O91: 343275 | P91: 8.05 | Q91: =IF(P91>=50,"High",IF(P91>=10,"Mid",IF(P91<10,"Low","invalid"))) -> Low | R91: Unknown | S91: S | T91: =IF(S91="Q","Queenstown",IF(S91="C","Cherbourg",IF(S91="S","Southampton","Unknown"))) -> Southampton
A92: 91 | B92: 0 | C92: 3 | D92: Christmann | E92: Emil | F92: Mr | G92: =_xlfn.XLOOKUP(F92,notes!$B$12:$B$18,notes!$C$12:$C$18,"Unknown") -> Male | H92: 29 | I92: =_xlfn.XLOOKUP(H92,notes!$B$4:$B$8,notes!$C$4:$C$8,"Invalid",-1) -> Adult | J92: 0 | K92: 0 | L92: =(J92+K92)+1 -> 1 | M92: =IF(B92=1,"Survived","Not Survived") -> Not Survived | N92: =_xlfn.XLOOKUP(L92,notes!$B$28:$B$30,notes!$C$28:$C$30,"Unknown",-1) -> Alone | O92: 343276 | P92: 8.05 | Q92: =IF(P92>=50,"High",IF(P92>=10,"Mid",IF(P92<10,"Low","invalid"))) -> Low | R92: Unknown | S92: S | T92: =IF(S92="Q","Queenstown",IF(S92="C","Cherbourg",IF(S92="S","Southampton","Unknown"))) -> Southampton
A93: 92 | B93: 0 | C93: 3 | D93: Andreasson | E93: Paul Edvin | F93: Mr | G93: =_xlfn.XLOOKUP(F93,notes!$B$12:$B$18,notes!$C$12:$C$18,"Unknown") -> Male | H93: 20 | I93: =_xlfn.XLOOKUP(H93,notes!$B$4:$B$8,notes!$C$4:$C$8,"Invalid",-1) -> Adult | J93: 0 | K93: 0 | L93: =(J93+K93)+1 -> 1 | M93: =IF(B93=1,"Survived","Not Survived") -> Not Survived | N93: =_xlfn.XLOOKUP(L93,notes!$B$28:$B$30,notes!$C$28:$C$30,"Unknown",-1) -> Alone | O93: 347466 | P93: 7.8542 | Q93: =IF(P93>=50,"High",IF(P93>=10,"Mid",IF(P93<10,"Low","invalid"))) -> Low | R93: Unknown | S93: S | T93: =IF(S93="Q","Queenstown",IF(S93="C","Cherbourg",IF(S93="S","Southampton","Unknown"))) -> Southampton
A94: 93 | B94: 0 | C94: 1 | D94: Chaffee | E94: Herbert Fuller | F94: Mr | G94: =_xlfn.XLOOKUP(F94,notes!$B$12:$B$18,notes!$C$12:$C$18,"Unknown") -> Male | H94: 46 | I94: =_xlfn.XLOOKUP(H94,notes!$B$4:$B$8,notes!$C$4:$C$8,"Invalid",-1) -> Adult | J94: 1 | K94: 0 | L94: =(J94+K94)+1 -> 2 | M94: =IF(B94=1,"Survived","Not Survived") -> Not Survived | N94: =_xlfn.XLOOKUP(L94,notes!$B$28:$B$30,notes!$C$28:$C$30,"Unknown",-1) -> Small Family | O94: W.E.P. 5734 | P94: 61.175 | Q94: =IF(P94>=50,"High",IF(P94>=10,"Mid",IF(P94<10,"Low","invalid"))) -> High | R94: E31 | S94: S | T94: =IF(S94="Q","Queenstown",IF(S94="C","Cherbourg",IF(S94="S","Southampton","Unknown"))) -> Southampton
A95: 94 | B95: 0 | C95: 3 | D95: Dean | E95: Bertram Frank | F95: Mr | G95: =_xlfn.XLOOKUP(F95,notes!$B$12:$B$18,notes!$C$12:$C$18,"Unknown") -> Male | H95: 26 | I95: =_xlfn.XLOOKUP(H95,notes!$B$4:$B$8,notes!$C$4:$C$8,"Invalid",-1) -> Adult | J95: 1 | K95: 2 | L95: =(J95+K95)+1 -> 4 | M95: =IF(B95=1,"Survived","Not Survived") -> Not Survived | N95: =_xlfn.XLOOKUP(L95,notes!$B$28:$B$30,notes!$C$28:$C$30,"Unknown",-1) -> Large Family | O95: C.A. 2315 | P95: 20.575 | Q95: =IF(P95>=50,"High",IF(P95>=10,"Mid",IF(P95<10,"Low","invalid"))) -> Mid | R95: Unknown | S95: S | T95: =IF(S95="Q","Queenstown",IF(S95="C","Cherbourg",IF(S95="S","Southampton","Unknown"))) -> Southampton
A96: 95 | B96: 0 | C96: 3 | D96: Coxon | E96: Daniel | F96: Mr | G96: =_xlfn.XLOOKUP(F96,notes!$B$12:$B$18,notes!$C$12:$C$18,"Unknown") -> Male | H96: 59 | I96: =_xlfn.XLOOKUP(H96,notes!$B$4:$B$8,notes!$C$4:$C$8,"Invalid",-1) -> Adult | J96: 0 | K96: 0 | L96: =(J96+K96)+1 -> 1 | M96: =IF(B96=1,"Survived","Not Survived") -> Not Survived | N96: =_xlfn.XLOOKUP(L96,notes!$B$28:$B$30,notes!$C$28:$C$30,"Unknown",-1) -> Alone | O96: 364500 | P96: 7.25 | Q96: =IF(P96>=50,"High",IF(P96>=10,"Mid",IF(P96<10,"Low","invalid"))) -> Low | R96: Unknown | S96: S | T96: =IF(S96="Q","Queenstown",IF(S96="C","Cherbourg",IF(S96="S","Southampton","Unknown"))) -> Southampton
A97: 96 | B97: 0 | C97: 3 | D97: Shorney | E97: Charles Joseph | F97: Mr | G97: =_xlfn.XLOOKUP(F97,notes!$B$12:$B$18,notes!$C$12:$C$18,"Unknown") -> Male | H97: Unknown | I97: =_xlfn.XLOOKUP(H97,notes!$B$4:$B$8,notes!$C$4:$C$8,"Invalid",-1) -> Unknown | J97: 0 | K97: 0 | L97: =(J97+K97)+1 -> 1 | M97: =IF(B97=1,"Survived","Not Survived") -> Not Survived | N97: =_xlfn.XLOOKUP(L97,notes!$B$28:$B$30,notes!$C$28:$C$30,"Unknown",-1) -> Alone | O97: 374910 | P97: 8.05 | Q97: =IF(P97>=50,"High",IF(P97>=10,"Mid",IF(P97<10,"Low","invalid"))) -> Low | R97: Unknown | S97: S | T97: =IF(S97="Q","Queenstown",IF(S97="C","Cherbourg",IF(S97="S","Southampton","Unknown"))) -> Southampton
A98: 97 | B98: 0 | C98: 1 | D98: Goldschmidt | E98: George B | F98: Mr | G98: =_xlfn.XLOOKUP(F98,notes!$B$12:$B$18,notes!$C$12:$C$18,"Unknown") -> Male | H98: 71 | I98: =_xlfn.XLOOKUP(H98,notes!$B$4:$B$8,notes!$C$4:$C$8,"Invalid",-1) -> Elderly | J98: 0 | K98: 0 | L98: =(J98+K98)+1 -> 1 | M98: =IF(B98=1,"Survived","Not Survived") -> Not Survived | N98: =_xlfn.XLOOKUP(L98,notes!$B$28:$B$30,notes!$C$28:$C$30,"Unknown",-1) -> Alone | O98: PC 17754 | P98: 34.6542 | Q98: =IF(P98>=50,"High",IF(P98>=10,"Mid",IF(P98<10,"Low","invalid"))) -> Mid | R98: A5 | S98: C | T98: =IF(S98="Q","Queenstown",IF(S98="C","Cherbourg",IF(S98="S","Southampton","Unknown"))) -> Cherbourg
A99: 98 | B99: 1 | C99: 1 | D99: Greenfield | E99: William Bertram | F99: Mr | G99: =_xlfn.XLOOKUP(F99,notes!$B$12:$B$18,notes!$C$12:$C$18,"Unknown") -> Male | H99: 23 | I99: =_xlfn.XLOOKUP(H99,notes!$B$4:$B$8,notes!$C$4:$C$8,"Invalid",-1) -> Adult | J99: 0 | K99: 1 | L99: =(J99+K99)+1 -> 2 | M99: =IF(B99=1,"Survived","Not Survived") -> Survived | N99: =_xlfn.XLOOKUP(L99,notes!$B$28:$B$30,notes!$C$28:$C$30,"Unknown",-1) -> Small Family | O99: PC 17759 | P99: 63.3583 | Q99: =IF(P99>=50,"High",IF(P99>=10,"Mid",IF(P99<10,"Low","invalid"))) -> High | R99: D10 D12 | S99: C | T99: =IF(S99="Q","Queenstown",IF(S99="C","Cherbourg",IF(S99="S","Southampton","Unknown"))) -> Cherbourg
A100: 99 | B100: 1 | C100: 2 | D100: Doling | E100: John T (Ada Julia Bone) | F100: Mrs | G100: =_xlfn.XLOOKUP(F100,notes!$B$12:$B$18,notes!$C$12:$C$18,"Unknown") -> Female | H100: 34 | I100: =_xlfn.XLOOKUP(H100,notes!$B$4:$B$8,notes!$C$4:$C$8,"Invalid",-1) -> Adult | J100: 0 | K100: 1 | L100: =(J100+K100)+1 -> 2 | M100: =IF(B100=1,"Survived","Not Survived") -> Survived | N100: =_xlfn.XLOOKUP(L100,notes!$B$28:$B$30,notes!$C$28:$C$30,"Unknown",-1) -> Small Family | O100: 231919 | P100: 23 | Q100: =IF(P100>=50,"High",IF(P100>=10,"Mid",IF(P100<10,"Low","invalid"))) -> Mid | R100: Unknown | S100: S | T100: =IF(S100="Q","Queenstown",IF(S100="C","Cherbourg",IF(S100="S","Southampton","Unknown"))) -> Southampton
...

Sheet Pivot Tables
A2: Survival Rate Based on Gender
A4: Gender | B4: Average of Survived
A5: Female | B5: 0.73615635
A6: Male | B6: 0.18881119
A7: Unknown | B7: 0.66666667
A8: Grand Total | B8: 0.38383838
A17: Survival Rate Based on Gender & Passenger Class
A19: Average of Survived | B19: Gender
A20: Pclass | B20: Female | C20: Male | D20: Unknown | E20: Grand Total
A21: 1 | B21: 0.96590909 | C21: 0.37606838 | D21: 0.63636364 | E21: 0.62962963
A22: 2 | B22: 0.92 | C22: 0.15740741 | D22: 1 | E22: 0.47282609
A23: 3 | B23: 0.5 | C23: 0.13544669 | E23: 0.24236253
A24: Grand Total | B24: 0.73615635 | C24: 0.18881119 | D24: 0.66666667 | E24: 0.38383838
A33: Survival Count By Family Size
A35: Count of Family_Size | B35: Survival_Status
A36: Family_Size | B36: Not Survived | C36: Survived | D36: Grand Total
A37: 1 | B37: 374 | C37: 163 | D37: 537
A38: 2 | B38: 72 | C38: 89 | D38: 161
A39: 3 | B39: 43 | C39: 59 | D39: 102
A40: 4 | B40: 8 | C40: 21 | D40: 29
A41: 5 | B41: 12 | C41: 3 | D41: 15
A42: 6 | B42: 19 | C42: 3 | D42: 22
A43: 7 | B43: 8 | C43: 4 | D43: 12
A44: 8 | B44: 6 | D44: 6
A45: 11 | B45: 7 | D45: 7
A46: Grand Total | B46: 549 | C46: 342 | D46: 891
A54: Passenger Count & Survival Rate by Age Group
A56: Age_Group | B56: Average of Survived | C56: Count of Age_Group
A57: Adult | B57: 0.38931298 | C57: 524
A58: Elderly | B58: 0.26923077 | C58: 26
A59: Kid | B59: 0.57971014 | C59: 69
A60: Teenager | B60: 0.41052632 | C60: 95
A61: Unknown | B61: 0.29378531 | C61: 177
A62: Grand Total | B62: 0.38383838 | C62: 891
A77: Survival Rate by Embarkation Point, Passenger Class & Gender
A80: Gender | B80: Female
A82: Average of Survived | B82: Pclass
A83: Embark_Point | B83: 1 | C83: 2 | D83: 3 | E83: Grand Total
A84: Cherbourg | B84: 0.97435897 | C84: 1 | D84: 0.65217391 | E84: 0.86956522
A85: Queenstown | B85: 1 | C85: 1 | D85: 0.72727273 | E85: 0.75
A86: Southampton | B86: 0.95652174 | C86: 0.90909091 | D86: 0.375 | E86: 0.685
A87: Unknown | B87: 1 | E87: 1
A88: Grand Total | B88: 0.96590909 | C88: 0.92 | D88: 0.5 | E88: 0.73615635
F90: x
A95: Survival Rate by Embarkation Point & Fare Fraction
A97: Average of Survived | B97: Fare Fraction
A98: Embark_Point | B98: High | C98: Low | D98: Mid | E98: Grand Total
A99: Cherbourg | B99: 0.78688525 | C99: 0.24324324 | D99: 0.51428571 | E99: 0.55357143
A100: Queenstown | B100: 0.5 | C100: 0.38888889 | D100: 0.38095238 | E100: 0.38961039
A101: Southampton | B101: 0.60416667 | C101: 0.15102041 | D101: 0.40264026 | E101: 0.33695652
A102: Unknown | B102: 1 | E102: 1
A103: Grand Total | B103: 0.67701863 | C103: 0.19940476 | D103: 0.4213198 | E103: 0.38383838

Sheet Dashboard
H2: Titanic Survival Dashboard
I6: Total Passengers 891 | M6: Overall Survival Rate 38%
I9: Key Insights: 1. Females had much higher survival rate than males. 2. First class passengers were most likely to survive. 3. Third class had lowest survival. 4. Embarkation point also influenced survival slightly.

Sheet notes
B2: Age Group
B3: Min Age | C3: Age Group | E3: Note:I grouped passenger into age bands using XLOOKUP with approximate matching.
B4: Unknown | C4: Unknown
B5: 0 | C5: Kid
B6: 13 | C6: Teenager
B7: 20 | C7: Adult
B8: 60 | C8: Elderly
B10: Gender
B11: Title | C11: Gender | E11: Note:I grouped passenger gender bands using XLOOKUP with approximate matching.
B12: Mr | C12: Male
B13: Mrs | C13: Female
B14: Miss | C14: Female
B15: Master | C15: Male
B16: Dr | C16: Male
B17: Col | C17: Male
B18: Rev | C18: Male
B20: Fare Fraction | E20: Note:I grouped passenger fares into Low, Mid, and High bands using XLOOKUP with approximate matching.
B21: Fare | C21: Range
B22: 0 | C22: Low
B23: 20 | C23: Mid
B24: 50 | C24: High
B26: Family Category | E26: Note:I grouped passenger family bands using XLOOKUP with approximate matching.
B27: Size | C27: Category
B28: 1 | C28: Alone
B29: 2 | C29: Small Family
B30: 4 | C30: Large Family
